{ "height":16,
 "layers":[
        {
         "data":[81, 82, 82, 82, 82, 82, 82, 82, 82, 82, 82, 82, 82, 82, 82, 81, 81, 16, 16, 10, 16, 16, 16, 16, 16, 16, 16, 16, 10, 16, 16, 81, 81, 16, 16, 22, 16, 16, 16, 16, 16, 16, 16, 16, 22, 16, 16, 81, 81, 24, 24, 22, 24, 24, 24, 24, 24, 24, 24, 24, 22, 24, 24, 81, 81, 14, 14, 22, 14, 14, 14, 14, 14, 14, 14, 14, 22, 14, 14, 81, 81, 14, 30, 22, 30, 30, 30, 30, 30, 30, 30, 30, 22, 30, 14, 81, 81, 14, 30, 30, 30, 30, 30, 30, 30, 30, 30, 30, 30, 30, 14, 81, 81, 14, 30, 30, 30, 30, 30, 30, 30, 30, 30, 30, 30, 30, 14, 81, 81, 14, 14, 14, 14, 14, 14, 14, 14, 14, 14, 14, 14, 14, 14, 81, 81, 14, 14, 14, 14, 14, 14, 14, 14, 14, 14, 14, 14, 14, 14, 81, 81, 14, 14, 14, 14, 14, 14, 14, 14, 14, 14, 14, 14, 14, 14, 81, 81, 14, 14, 14, 14, 14, 14, 14, 14, 14, 14, 14, 14, 14, 14, 81, 81, 14, 14, 14, 14, 14, 14, 14, 14, 14, 14, 14, 14, 14, 14, 81, 81, 14, 14, 14, 14, 14, 14, 14, 14, 14, 14, 14, 14, 14, 14, 81, 81, 14, 14, 14, 14, 14, 14, 14, 14, 14, 14, 14, 14, 14, 14, 81, 81, 24, 24, 24, 24, 24, 24, 24, 14, 24, 24, 24, 24, 24, 24, 81],
         "height":16,
         "name":"Tile Layer 1",
         "opacity":1,
         "type":"tilelayer",
         "visible":true,
         "width":16,
         "x":0,
         "y":0
        }, 
        {
         "data":[0, 0, 0, 0, 0, 0, 0, 0, 0, 0, 0, 0, 0, 0, 0, 0, 0, 0, 0, 0, 0, 0, 0, 0, 0, 0, 0, 0, 0, 0, 0, 0, 0, 0, 0, 0, 0, 0, 0, 0, 0, 0, 0, 0, 0, 0, 0, 0, 0, 0, 0, 0, 0, 0, 0, 0, 0, 0, 0, 0, 0, 0, 0, 0, 0, 39, 0, 0, 0, 0, 0, 0, 0, 0, 0, 0, 0, 0, 39, 0, 0, 0, 0, 0, 0, 0, 0, 0, 0, 0, 0, 0, 0, 0, 0, 0, 0, 0, 0, 0, 0, 0, 0, 0, 0, 0, 0, 0, 0, 0, 0, 0, 0, 0, 92, 0, 0, 0, 0, 0, 0, 0, 0, 0, 0, 92, 0, 0, 0, 0, 100, 0, 0, 0, 0, 0, 0, 0, 0, 0, 0, 100, 0, 0, 0, 0, 0, 0, 0, 0, 0, 0, 0, 0, 0, 0, 0, 0, 0, 0, 0, 0, 0, 0, 0, 0, 0, 0, 0, 0, 0, 0, 0, 0, 0, 0, 0, 0, 100, 0, 0, 0, 0, 0, 0, 0, 0, 0, 0, 100, 0, 0, 0, 0, 0, 0, 0, 0, 0, 0, 0, 0, 0, 0, 0, 0, 0, 0, 0, 0, 0, 0, 0, 0, 0, 0, 0, 0, 0, 0, 0, 0, 0, 0, 0, 39, 100, 0, 0, 0, 0, 0, 0, 0, 0, 0, 0, 100, 39, 0, 0, 0, 0, 0, 0, 0, 0, 0, 49, 0, 0, 0, 0, 0, 0, 0],
         "height":16,
         "name":"Tile Layer 2",
         "opacity":1,
         "type":"tilelayer",
         "visible":true,
         "width":16,
         "x":0,
         "y":0
        }, 
        {
         "data":[0, 0, 0, 0, 0, 0, 0, 0, 0, 0, 0, 0, 0, 0, 0, 0, 0, 0, 0, 0, 0, 0, 0, 0, 0, 0, 0, 0, 0, 0, 0, 0, 0, 0, 0, 0, 0, 0, 0, 0, 0, 0, 0, 0, 0, 0, 0, 0, 0, 0, 0, 0, 0, 0, 0, 0, 0, 0, 0, 0, 0, 0, 0, 0, 0, 0, 0, 0, 0, 0, 0, 0, 0, 0, 0, 0, 0, 0, 0, 0, 0, 0, 0, 0, 0, 0, 0, 0, 0, 0, 0, 0, 0, 0, 0, 0, 0, 0, 0, 0, 0, 0, 0, 0, 0, 0, 0, 0, 0, 0, 0, 0, 0, 0, 0, 0, 0, 0, 0, 0, 0, 0, 0, 0, 0, 0, 0, 0, 0, 0, 0, 0, 0, 0, 0, 0, 0, 0, 0, 0, 0, 0, 0, 0, 0, 0, 0, 0, 0, 0, 0, 0, 0, 0, 0, 0, 0, 0, 0, 0, 0, 0, 92, 0, 0, 0, 0, 0, 0, 0, 0, 0, 0, 92, 0, 0, 0, 0, 0, 0, 0, 0, 0, 0, 0, 0, 0, 0, 0, 0, 0, 0, 0, 0, 0, 0, 0, 0, 0, 0, 0, 0, 0, 0, 0, 0, 0, 0, 0, 0, 92, 0, 0, 0, 0, 0, 0, 0, 0, 0, 0, 92, 0, 0, 0, 0, 0, 0, 0, 0, 0, 0, 0, 0, 0, 0, 0, 0, 0, 0, 0, 0, 0, 0, 0, 0, 0, 0, 0, 0, 0, 0, 0, 0, 0, 0],
         "height":16,
         "name":"Float Layer",
         "opacity":1,
         "properties":
            {
             "abovePlayer":true
            },
         "propertytypes":
            {
             "abovePlayer":"bool"
            },
         "type":"tilelayer",
         "visible":true,
         "width":16,
         "x":0,
         "y":0
        }, 
        {
         "draworder":"topdown",
         "height":16,
         "name":"Object Layer 1",
         "objects":[
                {
                 "gid":84,
                 "height":16,
                 "id":1,
                 "name":"Door",
                 "properties":
                    {
                     "onCollide":"scene.player.setPosition(51*16, 31*16);\nscene.loadMap(\"chaise-1\");"
                    },
                 "propertytypes":
                    {
                     "onCollide":"string"
                    },
                 "rotation":0,
                 "type":"",
                 "visible":true,
                 "width":16,
                 "x":128,
                 "y":251.5
                }],
         "opacity":1,
         "type":"objectgroup",
         "visible":true,
         "width":16,
         "x":0,
         "y":0
        }],
 "nextobjectid":2,
 "orientation":"orthogonal",
 "renderorder":"right-down",
 "tileheight":16,
 "tilesets":[
        {
         "columns":8,
         "firstgid":1,
         "image":"..\/img\/basictiles.png",
         "imageheight":1024,
         "imagewidth":128,
         "margin":0,
         "name":"basictiles",
         "spacing":0,
         "tilecount":512,
         "tileheight":16,
         "tileproperties":
            {
             "15":
                {
                 "isSolid":true
                },
             "23":
                {
                 "isSolid":true
                },
             "29":
                {
                 "isSolid":true
                },
             "48":
                {
                 "isSolid":true
                },
             "76":
                {
                 "isSolid":true
                },
             "80":
                {
                 "isSolid":true
                },
             "81":
                {
                 "isSolid":true
                },
             "99":
                {
                 "isSolid":true
                }
            },
         "tilepropertytypes":
            {
             "15":
                {
                 "isSolid":"bool"
                },
             "23":
                {
                 "isSolid":"bool"
                },
             "29":
                {
                 "isSolid":"bool"
                },
             "48":
                {
                 "isSolid":"bool"
                },
             "76":
                {
                 "isSolid":"bool"
                },
             "80":
                {
                 "isSolid":"bool"
                },
             "81":
                {
                 "isSolid":"bool"
                },
             "99":
                {
                 "isSolid":"bool"
                }
            },
         "tilewidth":16
        }],
 "tilewidth":16,
 "version":1,
 "width":16
}