{ "height":16,
 "layers":[
        {
         "data":[81, 82, 82, 82, 82, 82, 82, 82, 82, 82, 82, 82, 82, 82, 82, 81, 81, 16, 16, 16, 16, 16, 16, 16, 16, 16, 16, 16, 16, 16, 16, 81, 81, 16, 16, 16, 16, 16, 16, 16, 16, 16, 16, 16, 16, 16, 16, 81, 81, 24, 24, 24, 24, 24, 24, 24, 24, 24, 24, 24, 24, 24, 24, 81, 81, 14, 14, 14, 14, 14, 14, 14, 14, 14, 14, 14, 14, 14, 14, 81, 81, 14, 14, 14, 14, 14, 14, 14, 14, 14, 14, 14, 14, 14, 14, 81, 81, 14, 14, 14, 14, 14, 14, 14, 14, 14, 14, 14, 14, 14, 14, 81, 81, 14, 14, 14, 14, 14, 14, 14, 14, 14, 14, 14, 14, 14, 14, 81, 81, 14, 14, 14, 14, 14, 14, 14, 14, 14, 14, 14, 14, 14, 14, 81, 81, 14, 14, 14, 14, 14, 14, 14, 14, 14, 14, 14, 14, 14, 14, 81, 81, 14, 14, 14, 14, 14, 14, 14, 14, 14, 14, 14, 14, 14, 14, 81, 81, 14, 14, 14, 14, 14, 14, 14, 14, 14, 14, 14, 14, 14, 14, 81, 81, 14, 14, 14, 14, 14, 14, 14, 14, 14, 14, 14, 14, 14, 14, 81, 81, 14, 14, 14, 14, 14, 14, 14, 14, 14, 14, 14, 14, 14, 14, 81, 81, 14, 14, 14, 14, 14, 14, 14, 14, 14, 14, 14, 14, 14, 14, 81, 81, 24, 24, 24, 24, 24, 24, 14, 14, 24, 24, 24, 24, 24, 24, 81],
         "height":16,
         "name":"Tile Layer 1",
         "opacity":1,
         "type":"tilelayer",
         "visible":true,
         "width":16,
         "x":0,
         "y":0
        }, 
        {
         "data":[0, 0, 0, 0, 0, 0, 0, 0, 0, 0, 0, 0, 0, 0, 0, 0, 0, 0, 0, 0, 0, 0, 0, 0, 0, 0, 0, 0, 0, 0, 0, 0, 0, 0, 0, 0, 0, 0, 0, 0, 0, 0, 0, 0, 0, 0, 0, 0, 0, 0, 0, 0, 0, 0, 0, 0, 0, 0, 0, 0, 0, 0, 0, 0, 0, 100, 0, 0, 0, 0, 100, 0, 28, 100, 0, 0, 28, 0, 100, 0, 0, 28, 0, 0, 0, 0, 0, 0, 0, 0, 0, 0, 0, 0, 0, 0, 0, 0, 0, 0, 0, 0, 0, 0, 0, 0, 0, 0, 0, 0, 0, 0, 0, 100, 0, 0, 0, 0, 100, 0, 0, 100, 0, 0, 0, 0, 100, 0, 0, 0, 0, 0, 0, 0, 0, 0, 0, 0, 0, 0, 0, 0, 0, 0, 0, 0, 0, 0, 0, 0, 0, 0, 0, 0, 0, 0, 0, 0, 0, 0, 0, 100, 0, 0, 0, 0, 100, 0, 0, 100, 0, 0, 0, 0, 100, 0, 0, 0, 0, 0, 0, 0, 0, 0, 0, 0, 0, 0, 0, 0, 28, 0, 0, 0, 0, 0, 0, 0, 0, 0, 0, 0, 0, 0, 0, 0, 0, 0, 0, 100, 0, 0, 0, 0, 100, 0, 0, 100, 0, 0, 0, 0, 100, 0, 0, 28, 0, 0, 0, 0, 0, 0, 0, 0, 0, 0, 0, 0, 0, 0, 0, 0, 0, 0, 0, 0, 0, 0, 0, 0, 0, 0, 0, 0, 0, 0],
         "height":16,
         "name":"Tile Layer 2",
         "opacity":1,
         "type":"tilelayer",
         "visible":true,
         "width":16,
         "x":0,
         "y":0
        }, 
        {
         "draworder":"topdown",
         "height":0,
         "name":"Object Layer 1",
         "objects":[
                {
                 "gid":49,
                 "height":16,
                 "id":1,
                 "name":"Door",
                 "properties":
                    {
                     "onCollide":"scene.player.setPosition(7*16, 5*16);\nscene.loadMap(\"testMap\");\nscene.playSound(\"doorSound\");"
                    },
                 "propertytypes":
                    {
                     "onCollide":"string"
                    },
                 "rotation":0,
                 "type":"",
                 "visible":true,
                 "width":16,
                 "x":119,
                 "y":256
                }, 
                {
                 "gid":97,
                 "height":16,
                 "id":4,
                 "name":"",
                 "properties":
                    {
                     "onCollide":"scene.player.setPosition(56.5*16, 70*16);\nscene.loadMap(\"chaise-1\");"
                    },
                 "propertytypes":
                    {
                     "onCollide":"string"
                    },
                 "rotation":0,
                 "type":"",
                 "visible":true,
                 "width":16,
                 "x":112.924,
                 "y":66.8152
                }, 
                {
                 "gid":520,
                 "height":16,
                 "id":5,
                 "name":"Slime",
                 "rotation":0,
                 "type":"Slime",
                 "visible":true,
                 "width":16,
                 "x":183,
                 "y":106
                }, 
                {
                 "gid":520,
                 "height":16,
                 "id":6,
                 "name":"Slime",
                 "rotation":0,
                 "type":"Slime",
                 "visible":true,
                 "width":16,
                 "x":60,
                 "y":103
                }],
         "opacity":1,
         "type":"objectgroup",
         "visible":true,
         "width":0,
         "x":0,
         "y":0
        }, 
        {
         "data":[0, 0, 0, 0, 0, 0, 0, 0, 0, 0, 0, 0, 0, 0, 0, 0, 0, 0, 0, 0, 0, 0, 0, 0, 0, 0, 0, 0, 0, 0, 0, 0, 0, 0, 0, 0, 0, 0, 0, 0, 0, 0, 0, 0, 0, 0, 0, 0, 0, 92, 0, 0, 0, 0, 92, 0, 0, 92, 0, 0, 0, 0, 92, 0, 0, 0, 0, 0, 0, 0, 0, 0, 0, 0, 0, 0, 0, 0, 0, 0, 0, 0, 0, 0, 0, 0, 0, 0, 0, 0, 0, 0, 0, 0, 0, 0, 0, 92, 0, 0, 0, 0, 92, 0, 0, 92, 0, 0, 0, 0, 92, 0, 0, 0, 0, 0, 0, 0, 0, 0, 0, 0, 0, 0, 0, 0, 0, 0, 0, 0, 0, 0, 0, 0, 0, 0, 0, 0, 0, 0, 0, 0, 0, 0, 0, 92, 0, 0, 0, 0, 92, 0, 0, 92, 0, 0, 0, 0, 92, 0, 0, 0, 0, 0, 0, 0, 0, 0, 0, 0, 0, 0, 0, 0, 0, 0, 0, 0, 0, 0, 0, 0, 0, 0, 0, 0, 0, 0, 0, 0, 0, 0, 0, 92, 0, 0, 0, 0, 92, 0, 0, 92, 0, 0, 0, 0, 92, 0, 0, 0, 0, 0, 0, 0, 0, 0, 0, 0, 0, 0, 0, 0, 0, 0, 0, 0, 0, 0, 0, 0, 0, 0, 0, 0, 0, 0, 0, 0, 0, 0, 0, 0, 0, 0, 0, 0, 0, 0, 0, 0, 0, 0, 0, 0, 0, 0],
         "height":16,
         "name":"Float Layer",
         "opacity":1,
         "properties":
            {
             "abovePlayer":true
            },
         "propertytypes":
            {
             "abovePlayer":"bool"
            },
         "type":"tilelayer",
         "visible":true,
         "width":16,
         "x":0,
         "y":0
        }],
 "nextobjectid":7,
 "orientation":"orthogonal",
 "renderorder":"right-down",
 "tileheight":16,
 "tilesets":[
        {
         "columns":8,
         "firstgid":1,
         "image":"..\/img\/basictiles.png",
         "imageheight":1024,
         "imagewidth":128,
         "margin":0,
         "name":"basictiles",
         "spacing":0,
         "tilecount":512,
         "tileheight":16,
         "tileproperties":
            {
             "14":
                {
                 "isSolid":true
                },
             "15":
                {
                 "isSolid":true
                },
             "23":
                {
                 "isSolid":true
                },
             "27":
                {
                 "isSolid":true
                },
             "80":
                {
                 "isSolid":true
                },
             "81":
                {
                 "isSolid":true
                },
             "91":
                {
                 "isSolid":false
                },
             "99":
                {
                 "isSolid":true
                }
            },
         "tilepropertytypes":
            {
             "14":
                {
                 "isSolid":"bool"
                },
             "15":
                {
                 "isSolid":"bool"
                },
             "23":
                {
                 "isSolid":"bool"
                },
             "27":
                {
                 "isSolid":"bool"
                },
             "80":
                {
                 "isSolid":"bool"
                },
             "81":
                {
                 "isSolid":"bool"
                },
             "91":
                {
                 "isSolid":"bool"
                },
             "99":
                {
                 "isSolid":"bool"
                }
            },
         "tilewidth":16
        }, 
        {
         "columns":3,
         "firstgid":513,
         "image":"..\/img\/dead.png",
         "imageheight":64,
         "imagewidth":48,
         "margin":0,
         "name":"spawnertiles",
         "spacing":0,
         "tilecount":12,
         "tileheight":16,
         "tilewidth":16
        }],
 "tilewidth":16,
 "version":1,
 "width":16
}