{
  "full_name": "San Francisco 49ers",
  "short_name": "49ers",
  "players": [
    {"team":"49ers","position":"QB1","name":"Joe Montana","number":"#16","maximum_speed":19,"passing_speed":56,"pass_control":81,"avoid_pass_block":75,"rating":"77%","ranking":2},
    {"team":"49ers","position":"QB2","name":"Steve Young","number":"#8","maximum_speed":25,"passing_speed":56,"pass_control":44,"avoid_pass_block":56,"rating":"56%","ranking":13},
    {"team":"49ers","position":"RB1","name":"Roger Craig","number":"#33","running_speed":38,"maximum_speed":50,"kick_return_maximum_speed":31,"punt_return_maximum_speed":63,"hitting_power":25,"ball_control":50,"receptions":44,"rushing_rating":"59%","rushing_ranking":41,"receiving_rating":"56%","receiving_ranking":71,"kick_return_rating":"61%","kick_return_ranking":44,"punt_return_rating":"76%","punt_return_ranking":18},
    {"team":"49ers","position":"RB2","name":"Tom Rathman","number":"#44","running_speed":44,"maximum_speed":25,"kick_return_maximum_speed":31,"punt_return_maximum_speed":63,"hitting_power":94,"ball_control":50,"receptions":56,"rushing_rating":"47%","rushing_ranking":105,"receiving_rating":"60%","receiving_ranking":50,"kick_return_rating":"72%","kick_return_ranking":22,"punt_return_rating":"88%","punt_return_ranking":2},
    {"team":"49ers","position":"RB3","name":"Dexter Carter","number":"#35","running_speed":38,"maximum_speed":44,"kick_return_maximum_speed":31,"punt_return_maximum_speed":63,"hitting_power":19,"ball_control":50,"receptions":38,"rushing_rating":"53%","rushing_ranking":62,"receiving_rating":"50%","receiving_ranking":109,"kick_return_rating":"61%","kick_return_ranking":46,"punt_return_rating":"76%","punt_return_ranking":19},
    {"team":"49ers","position":"RB4","name":"Harry Sydney","number":"#24","running_speed":38,"maximum_speed":44,"kick_return_maximum_speed":31,"punt_return_maximum_speed":63,"hitting_power":25,"ball_control":50,"receptions":31,"rushing_rating":"52%","rushing_ranking":64,"receiving_rating":"46%","receiving_ranking":150,"kick_return_rating":"61%","kick_return_ranking":48,"punt_return_rating":"76%","punt_return_ranking":20},
    {"team":"49ers","position":"WR1","name":"John Taylor","number":"#82","running_speed":38,"maximum_speed":50,"kick_return_maximum_speed":31,"punt_return_maximum_speed":63,"hitting_power":13,"ball_control":63,"receptions":63,"rushing_rating":"60%","rushing_ranking":32,"receiving_rating":"69%","receiving_ranking":19,"kick_return_rating":"62%","kick_return_ranking":39,"punt_return_rating":"76%","punt_return_ranking":16},
    {"team":"49ers","position":"WR2","name":"Jerry Rice","number":"#80","running_speed":44,"maximum_speed":69,"kick_return_maximum_speed":31,"punt_return_maximum_speed":63,"hitting_power":13,"ball_control":81,"receptions":81,"rushing_rating":"81%","rushing_ranking":2,"receiving_rating":"90%","receiving_ranking":1,"kick_return_rating":"66%","kick_return_ranking":25,"punt_return_rating":"78%","punt_return_ranking":13},
    {"team":"49ers","position":"WR3","name":"Mike Wilson","number":"#85","running_speed":25,"maximum_speed":25,"kick_return_maximum_speed":31,"punt_return_maximum_speed":63,"hitting_power":13,"ball_control":50,"receptions":44,"rushing_rating":"33%","rushing_ranking":220,"receiving_rating":"44%","receiving_ranking":162,"kick_return_rating":"56%","kick_return_ranking":72,"punt_return_rating":"72%","punt_return_ranking":33},
    {"team":"49ers","position":"WR4","name":"Mike Sherrard","number":"#88","running_speed":38,"maximum_speed":44,"kick_return_maximum_speed":31,"punt_return_maximum_speed":63,"hitting_power":13,"ball_control":50,"receptions":50,"rushing_rating":"53%","rushing_ranking":57,"receiving_rating":"58%","receiving_ranking":63,"kick_return_rating":"61%","kick_return_ranking":42,"punt_return_rating":"76%","punt_return_ranking":17},
    {"team":"49ers","position":"TE1","name":"Brent Jones","number":"#84","running_speed":25,"maximum_speed":38,"kick_return_maximum_speed":31,"punt_return_maximum_speed":63,"hitting_power":69,"ball_control":50,"receptions":69,"rushing_rating":"47%","rushing_ranking":107,"receiving_rating":"65%","receiving_ranking":35,"kick_return_rating":"56%","kick_return_ranking":67,"punt_return_rating":"72%","punt_return_ranking":32},
    {"team":"49ers","position":"TE2","name":"Jamie Williams","number":"#81","running_speed":25,"maximum_speed":19,"kick_return_maximum_speed":31,"punt_return_maximum_speed":63,"hitting_power":38,"ball_control":50,"receptions":31,"rushing_rating":"27%","rushing_ranking":263,"receiving_rating":"34%","receiving_ranking":261,"kick_return_rating":"56%","kick_return_ranking":78,"punt_return_rating":"72%","punt_return_ranking":34},
    {"team":"49ers","position":"C","name":"Jesse Sapolu","number":"#61","maximum_speed":38,"hitting_power":63,"rating":"77%","ranking":16},
    {"team":"49ers","position":"LG","name":"Guy Mcintyre","number":"#62","maximum_speed":31,"hitting_power":50,"rating":"62%","ranking":66},
    {"team":"49ers","position":"RG","name":"Harris Barton","number":"#79","maximum_speed":25,"hitting_power":56,"rating":"60%","ranking":84},
    {"team":"49ers","position":"LT","name":"Bubba Paris","number":"#77","maximum_speed":19,"hitting_power":69,"rating":"62%","ranking":79},
    {"team":"49ers","position":"RT","name":"Steve Wallace","number":"#74","maximum_speed":31,"hitting_power":63,"rating":"70%","ranking":36},
    {"team":"49ers","position":"RE","name":"Kevin Fagan","number":"#75","running_speed":25,"rushing_power":31,"maximum_speed":38,"hitting_power":50,"pass_interceptions":19,"rating":"56%","ranking":48},
    {"team":"49ers","position":"NT","name":"Michael Carter","number":"#95","running_speed":25,"rushing_power":31,"maximum_speed":38,"hitting_power":69,"pass_interceptions":19,"rating":"66%","ranking":23},
    {"team":"49ers","position":"LE","name":"Pierce Holt","number":"#78","running_speed":31,"rushing_power":44,"maximum_speed":50,"hitting_power":69,"pass_interceptions":19,"rating":"76%","ranking":7},
    {"team":"49ers","position":"ROLB","name":"Bill Romanowski","number":"#53","running_speed":31,"rushing_power":44,"maximum_speed":50,"hitting_power":50,"pass_interceptions":19,"rating":"66%","ranking":38},
    {"team":"49ers","position":"RILB","name":"Keith Delong","number":"#59","running_speed":25,"rushing_power":31,"maximum_speed":38,"hitting_power":44,"pass_interceptions":19,"rating":"53%","ranking":74},
    {"team":"49ers","position":"LILB","name":"Matt Millen","number":"#54","running_speed":25,"rushing_power":38,"maximum_speed":50,"hitting_power":63,"pass_interceptions":31,"rating":"69%","ranking":29},
    {"team":"49ers","position":"LOLB","name":"Charles Haley","number":"#94","running_speed":38,"rushing_power":50,"maximum_speed":56,"hitting_power":63,"pass_interceptions":19,"rating":"78%","ranking":12},
    {"team":"49ers","position":"RCB","name":"Don Griffin","number":"#29","running_speed":31,"rushing_power":38,"maximum_speed":50,"hitting_power":38,"pass_interceptions":50,"rating":"62%","ranking":50},
    {"team":"49ers","position":"LCB","name":"Darryl Pollard","number":"#26","running_speed":25,"rushing_power":31,"maximum_speed":44,"hitting_power":44,"pass_interceptions":38,"rating":"51%","ranking":96},
    {"team":"49ers","position":"FS","name":"Ronnie Lott","number":"#42","running_speed":44,"rushing_power":56,"maximum_speed":69,"hitting_power":69,"pass_interceptions":50,"rating":"80%","ranking":11},
    {"team":"49ers","position":"SS","name":"Dave Waymer","number":"#43","running_speed":38,"rushing_power":50,"maximum_speed":63,"hitting_power":50,"pass_interceptions":69,"rating":"83%","ranking":8},
    {"team":"49ers","position":"K","name":"Mike Cofer","number":"#6","kicking_ability":56,"avoid_kick_block":56,"rating":"69%","ranking":11},
    {"team":"49ers","position":"P","name":"Barry Helton","number":"#9","kicking_ability":19,"avoid_kick_block":38,"rating":"30%","ranking":27}
  ]
}

