{
  "full_name": "Chicago Bears",
  "short_name": "bears",
  "players": [
    {"team":"Bears","position":"QB2","name":"Mike Tomczak","number":"#18","maximum_speed":13,"passing_speed":44,"pass_control":31,"avoid_pass_block":38,"rating":"38%","ranking":51},
    {"team":"Bears","position":"QB1","name":"Jim Harbaugh","number":"#4","maximum_speed":13,"passing_speed":44,"pass_control":25,"avoid_pass_block":25,"rating":"34%","ranking":55},
    {"team":"Bears","position":"RB1","name":"Brad Muster","number":"#25","running_speed":44,"maximum_speed":25,"kick_return_maximum_speed":31,"punt_return_maximum_speed":44,"hitting_power":94,"ball_control":50,"receptions":56,"rushing_rating":"47%","rushing_ranking":106,"receiving_rating":"60%","receiving_ranking":51,"kick_return_rating":"72%","kick_return_ranking":23,"punt_return_rating":"69%","punt_return_ranking":62},
    {"team":"Bears","position":"RB2","name":"Neal Anderson","number":"#35","running_speed":50,"maximum_speed":63,"kick_return_maximum_speed":31,"punt_return_maximum_speed":44,"hitting_power":50,"ball_control":50,"receptions":50,"rushing_rating":"73%","rushing_ranking":6,"receiving_rating":"67%","receiving_ranking":27,"kick_return_rating":"64%","kick_return_ranking":27,"punt_return_rating":"61%","punt_return_ranking":130},
    {"team":"Bears","position":"RB3","name":"Mark Green","number":"#31","running_speed":38,"maximum_speed":31,"kick_return_maximum_speed":31,"punt_return_maximum_speed":44,"hitting_power":25,"ball_control":50,"receptions":25,"rushing_rating":"40%","rushing_ranking":173,"receiving_rating":"37%","receiving_ranking":236,"kick_return_rating":"61%","kick_return_ranking":53,"punt_return_rating":"57%","punt_return_ranking":170},
    {"team":"Bears","position":"RB4","name":"Johnny Bailey","number":"#22","running_speed":38,"maximum_speed":56,"kick_return_maximum_speed":31,"punt_return_maximum_speed":44,"hitting_power":25,"ball_control":50,"receptions":38,"rushing_rating":"64%","rushing_ranking":25,"receiving_rating":"55%","receiving_ranking":72,"kick_return_rating":"61%","kick_return_ranking":45,"punt_return_rating":"57%","punt_return_ranking":169},
    {"team":"Bears","position":"WR1","name":"Ron Morris","number":"#84","running_speed":31,"maximum_speed":31,"kick_return_maximum_speed":31,"punt_return_maximum_speed":44,"hitting_power":13,"ball_control":50,"receptions":50,"rushing_rating":"40%","rushing_ranking":153,"receiving_rating":"51%","receiving_ranking":97,"kick_return_rating":"58%","kick_return_ranking":59,"punt_return_rating":"54%","punt_return_ranking":205},
    {"team":"Bears","position":"WR2","name":"Wendell Davis","number":"#82","running_speed":31,"maximum_speed":31,"kick_return_maximum_speed":31,"punt_return_maximum_speed":44,"hitting_power":13,"ball_control":50,"receptions":50,"rushing_rating":"40%","rushing_ranking":154,"receiving_rating":"51%","receiving_ranking":98,"kick_return_rating":"58%","kick_return_ranking":60,"punt_return_rating":"54%","punt_return_ranking":206},
    {"team":"Bears","position":"WR3","name":"Glen Kozlowski","number":"#88","running_speed":25,"maximum_speed":19,"kick_return_maximum_speed":31,"punt_return_maximum_speed":44,"hitting_power":13,"ball_control":50,"receptions":44,"rushing_rating":"28%","rushing_ranking":250,"receiving_rating":"42%","receiving_ranking":189,"kick_return_rating":"56%","kick_return_ranking":76,"punt_return_rating":"53%","punt_return_ranking":215},
    {"team":"Bears","position":"WR4","name":"Dennis Gentry","number":"#29","running_speed":25,"maximum_speed":19,"kick_return_maximum_speed":31,"punt_return_maximum_speed":44,"hitting_power":13,"ball_control":50,"receptions":50,"rushing_rating":"28%","rushing_ranking":247,"receiving_rating":"46%","receiving_ranking":156,"kick_return_rating":"56%","kick_return_ranking":71,"punt_return_rating":"53%","punt_return_ranking":214},
    {"team":"Bears","position":"TE1","name":"James Thornton","number":"#80","running_speed":25,"maximum_speed":25,"kick_return_maximum_speed":31,"punt_return_maximum_speed":44,"hitting_power":63,"ball_control":50,"receptions":25,"rushing_rating":"32%","rushing_ranking":240,"receiving_rating":"32%","receiving_ranking":274,"kick_return_rating":"56%","kick_return_ranking":81,"punt_return_rating":"53%","punt_return_ranking":217},
    {"team":"Bears","position":"TE2","name":"Cap Boso","number":"#86","running_speed":25,"maximum_speed":19,"kick_return_maximum_speed":31,"punt_return_maximum_speed":44,"hitting_power":44,"ball_control":50,"receptions":31,"rushing_rating":"27%","rushing_ranking":264,"receiving_rating":"34%","receiving_ranking":262,"kick_return_rating":"56%","kick_return_ranking":79,"punt_return_rating":"53%","punt_return_ranking":216},
    {"team":"Bears","position":"C","name":"Jay Hilgenberg","number":"#63","maximum_speed":50,"hitting_power":63,"rating":"89%","ranking":2},
    {"team":"Bears","position":"LG","name":"Mark Bortz","number":"#62","maximum_speed":44,"hitting_power":69,"rating":"87%","ranking":4},
    {"team":"Bears","position":"RG","name":"Tom Thayer","number":"#57","maximum_speed":38,"hitting_power":50,"rating":"69%","ranking":42},
    {"team":"Bears","position":"LT","name":"Jim Covert","number":"#74","maximum_speed":31,"hitting_power":50,"rating":"62%","ranking":67},
    {"team":"Bears","position":"RT","name":"Keith Van Horne","number":"#78","maximum_speed":31,"hitting_power":50,"rating":"62%","ranking":68},
    {"team":"Bears","position":"RE","name":"Richard Dent","number":"#95","running_speed":31,"rushing_power":44,"maximum_speed":50,"hitting_power":63,"pass_interceptions":44,"rating":"75%","ranking":9},
    {"team":"Bears","position":"NT","name":"William Perry","number":"#72","running_speed":38,"rushing_power":31,"maximum_speed":19,"hitting_power":69,"pass_interceptions":19,"rating":"66%","ranking":22},
    {"team":"Bears","position":"LE","name":"Trace Armstrong","number":"#93","running_speed":31,"rushing_power":44,"maximum_speed":50,"hitting_power":63,"pass_interceptions":19,"rating":"72%","ranking":13},
    {"team":"Bears","position":"ROLB","name":"Jim Morrissey","number":"#51","running_speed":25,"rushing_power":31,"maximum_speed":38,"hitting_power":44,"pass_interceptions":31,"rating":"56%","ranking":57},
    {"team":"Bears","position":"RILB","name":"Dan Hampton","number":"#99","running_speed":25,"rushing_power":31,"maximum_speed":38,"hitting_power":56,"pass_interceptions":19,"rating":"57%","ranking":52},
    {"team":"Bears","position":"LILB","name":"Mike Singletary","number":"#50","running_speed":38,"rushing_power":50,"maximum_speed":56,"hitting_power":75,"pass_interceptions":19,"rating":"83%","ranking":3},
    {"team":"Bears","position":"LOLB","name":"Ron Rivera","number":"#59","running_speed":25,"rushing_power":31,"maximum_speed":38,"hitting_power":44,"pass_interceptions":31,"rating":"56%","ranking":58},
    {"team":"Bears","position":"RCB","name":"Lemuel Stinson","number":"#32","running_speed":38,"rushing_power":44,"maximum_speed":56,"hitting_power":50,"pass_interceptions":69,"rating":"78%","ranking":12},
    {"team":"Bears","position":"LCB","name":"Donnell Woolford","number":"#21","running_speed":31,"rushing_power":38,"maximum_speed":50,"hitting_power":44,"pass_interceptions":63,"rating":"69%","ranking":26},
    {"team":"Bears","position":"FS","name":"Mark Carrier","number":"#20","running_speed":38,"rushing_power":44,"maximum_speed":56,"hitting_power":50,"pass_interceptions":81,"rating":"84%","ranking":5},
    {"team":"Bears","position":"SS","name":"Shaun Gayle","number":"#23","running_speed":25,"rushing_power":31,"maximum_speed":44,"hitting_power":44,"pass_interceptions":56,"rating":"59%","ranking":59},
    {"team":"Bears","position":"K","name":"Kevin Butler","number":"#6","kicking_ability":38,"avoid_kick_block":50,"rating":"51%","ranking":21},
    {"team":"Bears","position":"P","name":"Maury Buford","number":"#8","kicking_ability":31,"avoid_kick_block":25,"rating":"36%","ranking":25}
  ]
}



