{
  "full_name": "Cincinnati Bengals",
  "short_name": "bengals",
  "players": [
    {"team":"Bengals","position":"QB1","name":"Boomer Esiason","number":"#7","maximum_speed":19,"passing_speed":63,"pass_control":56,"avoid_pass_block":75,"rating":"63%","ranking":7},
    {"team":"Bengals","position":"QB2","name":"Erik Wilhelm","number":"#4","maximum_speed":13,"passing_speed":44,"pass_control":44,"avoid_pass_block":38,"rating":"46%","ranking":22},
    {"team":"Bengals","position":"RB1","name":"James Brooks","number":"#21","running_speed":38,"maximum_speed":56,"kick_return_maximum_speed":25,"punt_return_maximum_speed":69,"hitting_power":31,"ball_control":50,"receptions":38,"rushing_rating":"64%","rushing_ranking":26,"receiving_rating":"55%","receiving_ranking":73,"kick_return_rating":"52%","kick_return_ranking":128,"punt_return_rating":"82%","punt_return_ranking":3},
    {"team":"Bengals","position":"RB2","name":"Ickey Woods","number":"#30","running_speed":44,"maximum_speed":31,"kick_return_maximum_speed":25,"punt_return_maximum_speed":69,"hitting_power":81,"ball_control":50,"receptions":31,"rushing_rating":"47%","rushing_ranking":104,"receiving_rating":"45%","receiving_ranking":159,"kick_return_rating":"60%","kick_return_ranking":55,"punt_return_rating":"90%","punt_return_ranking":1},
    {"team":"Bengals","position":"RB3","name":"Harold Green","number":"#28","running_speed":38,"maximum_speed":38,"kick_return_maximum_speed":25,"punt_return_maximum_speed":69,"hitting_power":31,"ball_control":50,"receptions":25,"rushing_rating":"46%","rushing_ranking":112,"receiving_rating":"40%","receiving_ranking":208,"kick_return_rating":"52%","kick_return_ranking":144,"punt_return_rating":"82%","punt_return_ranking":4},
    {"team":"Bengals","position":"RB4","name":"S. Jennings","number":"#36","running_speed":38,"maximum_speed":38,"kick_return_maximum_speed":25,"punt_return_maximum_speed":69,"hitting_power":25,"ball_control":50,"receptions":25,"rushing_rating":"46%","rushing_ranking":113,"receiving_rating":"40%","receiving_ranking":209,"kick_return_rating":"52%","kick_return_ranking":145,"punt_return_rating":"82%","punt_return_ranking":5},
    {"team":"Bengals","position":"WR1","name":"Tim Mcgee","number":"#85","running_speed":31,"maximum_speed":31,"kick_return_maximum_speed":25,"punt_return_maximum_speed":69,"hitting_power":13,"ball_control":50,"receptions":56,"rushing_rating":"40%","rushing_ranking":150,"receiving_rating":"55%","receiving_ranking":75,"kick_return_rating":"50%","kick_return_ranking":174,"punt_return_rating":"80%","punt_return_ranking":7},
    {"team":"Bengals","position":"WR2","name":"Eddie Brown","number":"#81","running_speed":31,"maximum_speed":38,"kick_return_maximum_speed":25,"punt_return_maximum_speed":69,"hitting_power":13,"ball_control":50,"receptions":56,"rushing_rating":"47%","rushing_ranking":99,"receiving_rating":"58%","receiving_ranking":58,"kick_return_rating":"50%","kick_return_ranking":169,"punt_return_rating":"80%","punt_return_ranking":6},
    {"team":"Bengals","position":"WR3","name":"Kendal Smith","number":"#83","running_speed":25,"maximum_speed":25,"kick_return_maximum_speed":25,"punt_return_maximum_speed":69,"hitting_power":13,"ball_control":50,"receptions":44,"rushing_rating":"33%","rushing_ranking":221,"receiving_rating":"44%","receiving_ranking":163,"kick_return_rating":"48%","kick_return_ranking":209,"punt_return_rating":"78%","punt_return_ranking":10},
    {"team":"Bengals","position":"WR4","name":"Mike Barber","number":"#86","running_speed":25,"maximum_speed":25,"kick_return_maximum_speed":25,"punt_return_maximum_speed":69,"hitting_power":13,"ball_control":50,"receptions":44,"rushing_rating":"33%","rushing_ranking":222,"receiving_rating":"44%","receiving_ranking":164,"kick_return_rating":"48%","kick_return_ranking":210,"punt_return_rating":"78%","punt_return_ranking":11},
    {"team":"Bengals","position":"TE1","name":"Rodney Holman","number":"#82","running_speed":25,"maximum_speed":38,"kick_return_maximum_speed":25,"punt_return_maximum_speed":69,"hitting_power":69,"ball_control":50,"receptions":56,"rushing_rating":"46%","rushing_ranking":126,"receiving_rating":"57%","receiving_ranking":68,"kick_return_rating":"48%","kick_return_ranking":196,"punt_return_rating":"78%","punt_return_ranking":9},
    {"team":"Bengals","position":"TE2","name":"Eric Kattus","number":"#84","running_speed":25,"maximum_speed":25,"kick_return_maximum_speed":25,"punt_return_maximum_speed":69,"hitting_power":38,"ball_control":50,"receptions":31,"rushing_rating":"32%","rushing_ranking":236,"receiving_rating":"36%","receiving_ranking":247,"kick_return_rating":"48%","kick_return_ranking":229,"punt_return_rating":"78%","punt_return_ranking":12},
    {"team":"Bengals","position":"C","name":"Bruce Kozerski","number":"#64","maximum_speed":31,"hitting_power":56,"rating":"66%","ranking":49},
    {"team":"Bengals","position":"LG","name":"Bruce Reimers","number":"#75","maximum_speed":31,"hitting_power":63,"rating":"70%","ranking":37},
    {"team":"Bengals","position":"RG","name":"Brian Blados","number":"#74","maximum_speed":25,"hitting_power":56,"rating":"60%","ranking":85},
    {"team":"Bengals","position":"LT","name":"Anthony Munoz","number":"#78","maximum_speed":38,"hitting_power":75,"rating":"84%","ranking":9},
    {"team":"Bengals","position":"RT","name":"Joe Walter","number":"#63","maximum_speed":25,"hitting_power":50,"rating":"56%","ranking":104},
    {"team":"Bengals","position":"RE","name":"Jason Buck","number":"#99","running_speed":25,"rushing_power":31,"maximum_speed":38,"hitting_power":50,"pass_interceptions":19,"rating":"56%","ranking":49},
    {"team":"Bengals","position":"NT","name":"Tim Krumrie","number":"#69","running_speed":25,"rushing_power":31,"maximum_speed":38,"hitting_power":44,"pass_interceptions":19,"rating":"53%","ranking":70},
    {"team":"Bengals","position":"LE","name":"Skip Mcclendon","number":"#72","running_speed":25,"rushing_power":31,"maximum_speed":38,"hitting_power":44,"pass_interceptions":19,"rating":"53%","ranking":71},
    {"team":"Bengals","position":"ROLB","name":"James Francis","number":"#50","running_speed":31,"rushing_power":44,"maximum_speed":50,"hitting_power":69,"pass_interceptions":19,"rating":"74%","ranking":18},
    {"team":"Bengals","position":"RILB","name":"Kevin Walker","number":"#59","running_speed":25,"rushing_power":31,"maximum_speed":38,"hitting_power":38,"pass_interceptions":19,"rating":"50%","ranking":85},
    {"team":"Bengals","position":"LILB","name":"Carl Zander","number":"#91","running_speed":25,"rushing_power":31,"maximum_speed":38,"hitting_power":38,"pass_interceptions":31,"rating":"53%","ranking":68},
    {"team":"Bengals","position":"LOLB","name":"Leon White","number":"#51","running_speed":25,"rushing_power":31,"maximum_speed":31,"hitting_power":38,"pass_interceptions":31,"rating":"52%","ranking":78},
    {"team":"Bengals","position":"RCB","name":"Carl Carter","number":"#45","running_speed":25,"rushing_power":31,"maximum_speed":25,"hitting_power":31,"pass_interceptions":38,"rating":"47%","ranking":103},
    {"team":"Bengals","position":"LCB","name":"Lewis Billups","number":"#24","running_speed":25,"rushing_power":31,"maximum_speed":25,"hitting_power":31,"pass_interceptions":44,"rating":"50%","ranking":99},
    {"team":"Bengals","position":"FS","name":"Barney Bussey","number":"#27","running_speed":31,"rushing_power":38,"maximum_speed":50,"hitting_power":50,"pass_interceptions":50,"rating":"63%","ranking":43},
    {"team":"Bengals","position":"SS","name":"David Fulcher","number":"#33","running_speed":44,"rushing_power":56,"maximum_speed":69,"hitting_power":75,"pass_interceptions":69,"rating":"90%","ranking":2},
    {"team":"Bengals","position":"K","name":"Jim Breech","number":"#3","kicking_ability":63,"avoid_kick_block":31,"rating":"66%","ranking":13},
    {"team":"Bengals","position":"P","name":"Lee Johnson","number":"#11","kicking_ability":44,"avoid_kick_block":69,"rating":"64%","ranking":13}
  ]
}

