{
  "full_name": "Buffalo Bills",
  "short_name": "bills",
  "players": [
    {"team":"Bills","position":"QB1","name":"QB Bills","number":"#0","maximum_speed":13,"passing_speed":56,"pass_control":81,"avoid_pass_block":81,"rating":"75%","ranking":4},
    {"team":"Bills","position":"QB2","name":"Frank Reich","number":"#14","maximum_speed":13,"passing_speed":31,"pass_control":44,"avoid_pass_block":50,"rating":"44%","ranking":29},
    {"team":"Bills","position":"RB1","name":"Thurman Thomas","number":"#34","running_speed":38,"maximum_speed":63,"kick_return_maximum_speed":19,"punt_return_maximum_speed":50,"hitting_power":25,"ball_control":75,"receptions":50,"rushing_rating":"73%","rushing_ranking":7,"receiving_rating":"67%","receiving_ranking":29,"kick_return_rating":"47%","kick_return_ranking":243,"punt_return_rating":"63%","punt_return_ranking":117},
    {"team":"Bills","position":"RB2","name":"Jamie Mueller","number":"#41","running_speed":44,"maximum_speed":25,"kick_return_maximum_speed":19,"punt_return_maximum_speed":50,"hitting_power":88,"ball_control":50,"receptions":25,"rushing_rating":"43%","rushing_ranking":136,"receiving_rating":"40%","receiving_ranking":222,"kick_return_rating":"54%","kick_return_ranking":112,"punt_return_rating":"73%","punt_return_ranking":30},
    {"team":"Bills","position":"RB3","name":"Kenneth Davis","number":"#23","running_speed":38,"maximum_speed":25,"kick_return_maximum_speed":19,"punt_return_maximum_speed":50,"hitting_power":19,"ball_control":50,"receptions":31,"rushing_rating":"34%","rushing_ranking":203,"receiving_rating":"38%","receiving_ranking":228,"kick_return_rating":"44%","kick_return_ranking":254,"punt_return_rating":"63%","punt_return_ranking":118},
    {"team":"Bills","position":"RB4","name":"Don Smith","number":"#30","running_speed":38,"maximum_speed":25,"kick_return_maximum_speed":19,"punt_return_maximum_speed":50,"hitting_power":19,"ball_control":50,"receptions":31,"rushing_rating":"34%","rushing_ranking":204,"receiving_rating":"38%","receiving_ranking":229,"kick_return_rating":"44%","kick_return_ranking":255,"punt_return_rating":"63%","punt_return_ranking":119},
    {"team":"Bills","position":"WR1","name":"James Lofton","number":"#80","running_speed":25,"maximum_speed":38,"kick_return_maximum_speed":19,"punt_return_maximum_speed":50,"hitting_power":13,"ball_control":50,"receptions":56,"rushing_rating":"46%","rushing_ranking":127,"receiving_rating":"57%","receiving_ranking":69,"kick_return_rating":"40%","kick_return_ranking":267,"punt_return_rating":"59%","punt_return_ranking":153},
    {"team":"Bills","position":"WR2","name":"Andre Reed","number":"#83","running_speed":25,"maximum_speed":56,"kick_return_maximum_speed":19,"punt_return_maximum_speed":50,"hitting_power":13,"ball_control":56,"receptions":69,"rushing_rating":"64%","rushing_ranking":24,"receiving_rating":"72%","receiving_ranking":12,"kick_return_rating":"41%","kick_return_ranking":265,"punt_return_rating":"59%","punt_return_ranking":152},
    {"team":"Bills","position":"WR3","name":"Don Beebe","number":"#82","running_speed":25,"maximum_speed":44,"kick_return_maximum_speed":19,"punt_return_maximum_speed":50,"hitting_power":13,"ball_control":50,"receptions":44,"rushing_rating":"51%","rushing_ranking":74,"receiving_rating":"52%","receiving_ranking":92,"kick_return_rating":"40%","kick_return_ranking":269,"punt_return_rating":"59%","punt_return_ranking":155},
    {"team":"Bills","position":"WR4","name":"Al Edwards","number":"#85","running_speed":25,"maximum_speed":19,"kick_return_maximum_speed":19,"punt_return_maximum_speed":50,"hitting_power":13,"ball_control":50,"receptions":44,"rushing_rating":"28%","rushing_ranking":251,"receiving_rating":"42%","receiving_ranking":190,"kick_return_rating":"40%","kick_return_ranking":276,"punt_return_rating":"59%","punt_return_ranking":156},
    {"team":"Bills","position":"TE1","name":"Keith Mckeller","number":"#84","running_speed":25,"maximum_speed":38,"kick_return_maximum_speed":19,"punt_return_maximum_speed":50,"hitting_power":50,"ball_control":50,"receptions":50,"rushing_rating":"46%","rushing_ranking":129,"receiving_rating":"53%","receiving_ranking":83,"kick_return_rating":"40%","kick_return_ranking":268,"punt_return_rating":"59%","punt_return_ranking":154},
    {"team":"Bills","position":"TE2","name":"Pete Metzelaars","number":"#88","running_speed":25,"maximum_speed":19,"kick_return_maximum_speed":19,"punt_return_maximum_speed":50,"hitting_power":44,"ball_control":50,"receptions":31,"rushing_rating":"27%","rushing_ranking":265,"receiving_rating":"34%","receiving_ranking":263,"kick_return_rating":"40%","kick_return_ranking":279,"punt_return_rating":"59%","punt_return_ranking":157},
    {"team":"Bills","position":"C","name":"Kent Hull","number":"#67","maximum_speed":38,"hitting_power":69,"rating":"81%","ranking":12},
    {"team":"Bills","position":"LG","name":"Jim Ritcher","number":"#51","maximum_speed":38,"hitting_power":56,"rating":"73%","ranking":28},
    {"team":"Bills","position":"RG","name":"John Davis","number":"#65","maximum_speed":25,"hitting_power":63,"rating":"64%","ranking":62},
    {"team":"Bills","position":"LT","name":"Will Wolford","number":"#69","maximum_speed":25,"hitting_power":50,"rating":"56%","ranking":105},
    {"team":"Bills","position":"RT","name":"Howard Ballard","number":"#75","maximum_speed":19,"hitting_power":63,"rating":"58%","ranking":100},
    {"team":"Bills","position":"RE","name":"Bruce Smith","number":"#78","running_speed":44,"rushing_power":56,"maximum_speed":69,"hitting_power":75,"pass_interceptions":25,"rating":"91%","ranking":1},
    {"team":"Bills","position":"NT","name":"Jeff Wright","number":"#91","running_speed":25,"rushing_power":31,"maximum_speed":31,"hitting_power":50,"pass_interceptions":19,"rating":"55%","ranking":64},
    {"team":"Bills","position":"LE","name":"Leon Seals","number":"#96","running_speed":25,"rushing_power":31,"maximum_speed":38,"hitting_power":44,"pass_interceptions":31,"rating":"54%","ranking":67},
    {"team":"Bills","position":"ROLB","name":"Darryl Talley","number":"#56","running_speed":31,"rushing_power":44,"maximum_speed":50,"hitting_power":38,"pass_interceptions":44,"rating":"67%","ranking":36},
    {"team":"Bills","position":"RILB","name":"Ray Bentley","number":"#50","running_speed":25,"rushing_power":31,"maximum_speed":38,"hitting_power":38,"pass_interceptions":31,"rating":"53%","ranking":69},
    {"team":"Bills","position":"LILB","name":"Shane Conlan","number":"#58","running_speed":31,"rushing_power":44,"maximum_speed":50,"hitting_power":56,"pass_interceptions":19,"rating":"69%","ranking":30},
    {"team":"Bills","position":"LOLB","name":"C. Bennett","number":"#97","running_speed":38,"rushing_power":50,"maximum_speed":63,"hitting_power":63,"pass_interceptions":19,"rating":"79%","ranking":10},
    {"team":"Bills","position":"RCB","name":"Nate Odomes","number":"#37","running_speed":38,"rushing_power":44,"maximum_speed":56,"hitting_power":38,"pass_interceptions":38,"rating":"62%","ranking":51},
    {"team":"Bills","position":"LCB","name":"Kirby Jackson","number":"#47","running_speed":25,"rushing_power":31,"maximum_speed":44,"hitting_power":38,"pass_interceptions":50,"rating":"56%","ranking":72},
    {"team":"Bills","position":"FS","name":"Mark Kelso","number":"#38","running_speed":31,"rushing_power":38,"maximum_speed":50,"hitting_power":38,"pass_interceptions":44,"rating":"59%","ranking":61},
    {"team":"Bills","position":"SS","name":"Leonard Smith","number":"#46","running_speed":31,"rushing_power":38,"maximum_speed":50,"hitting_power":44,"pass_interceptions":44,"rating":"60%","ranking":56},
    {"team":"Bills","position":"K","name":"Scott Norwood","number":"#11","kicking_ability":44,"avoid_kick_block":44,"rating":"54%","ranking":17},
    {"team":"Bills","position":"P","name":"Rick Tuten","number":"#10","kicking_ability":19,"avoid_kick_block":63,"rating":"40%","ranking":22}
  ]
}

