{
  "full_name": "Denver Broncos",
  "short_name": "broncos",
  "players": [
    {"team":"Broncos","position":"QB1","name":"John Elway","number":"#7","maximum_speed":25,"passing_speed":75,"pass_control":31,"avoid_pass_block":50,"rating":"52%","ranking":17},
    {"team":"Broncos","position":"QB2","name":"Gary Kubiak","number":"#8","maximum_speed":13,"passing_speed":44,"pass_control":38,"avoid_pass_block":38,"rating":"42%","ranking":32},
    {"team":"Broncos","position":"RB1","name":"Bobby Humphrey","number":"#26","running_speed":38,"maximum_speed":63,"kick_return_maximum_speed":25,"punt_return_maximum_speed":56,"hitting_power":38,"ball_control":50,"receptions":38,"rushing_rating":"70%","rushing_ranking":10,"receiving_rating":"58%","receiving_ranking":57,"kick_return_rating":"52%","kick_return_ranking":126,"punt_return_rating":"69%","punt_return_ranking":55},
    {"team":"Broncos","position":"RB2","name":"Steve Sewell","number":"#30","running_speed":38,"maximum_speed":25,"kick_return_maximum_speed":25,"punt_return_maximum_speed":56,"hitting_power":25,"ball_control":50,"receptions":50,"rushing_rating":"36%","rushing_ranking":190,"receiving_rating":"50%","receiving_ranking":110,"kick_return_rating":"52%","kick_return_ranking":136,"punt_return_rating":"69%","punt_return_ranking":57},
    {"team":"Broncos","position":"RB3","name":"Sammy Winder","number":"#23","running_speed":44,"maximum_speed":25,"kick_return_maximum_speed":25,"punt_return_maximum_speed":56,"hitting_power":31,"ball_control":50,"receptions":25,"rushing_rating":"35%","rushing_ranking":196,"receiving_rating":"36%","receiving_ranking":253,"kick_return_rating":"54%","kick_return_ranking":106,"punt_return_rating":"71%","punt_return_ranking":43},
    {"team":"Broncos","position":"RB4","name":"Melvin Bratton","number":"#32","running_speed":44,"maximum_speed":25,"kick_return_maximum_speed":25,"punt_return_maximum_speed":56,"hitting_power":44,"ball_control":50,"receptions":38,"rushing_rating":"36%","rushing_ranking":189,"receiving_rating":"44%","receiving_ranking":179,"kick_return_rating":"54%","kick_return_ranking":100,"punt_return_rating":"71%","punt_return_ranking":39},
    {"team":"Broncos","position":"WR1","name":"Vance Johnson","number":"#82","running_speed":38,"maximum_speed":50,"kick_return_maximum_speed":25,"punt_return_maximum_speed":56,"hitting_power":13,"ball_control":50,"receptions":56,"rushing_rating":"59%","rushing_ranking":39,"receiving_rating":"64%","receiving_ranking":40,"kick_return_rating":"52%","kick_return_ranking":121,"punt_return_rating":"69%","punt_return_ranking":52},
    {"team":"Broncos","position":"WR2","name":"Mark Jackson","number":"#80","running_speed":38,"maximum_speed":44,"kick_return_maximum_speed":25,"punt_return_maximum_speed":56,"hitting_power":13,"ball_control":50,"receptions":69,"rushing_rating":"54%","rushing_ranking":48,"receiving_rating":"69%","receiving_ranking":15,"kick_return_rating":"52%","kick_return_ranking":115,"punt_return_rating":"69%","punt_return_ranking":49},
    {"team":"Broncos","position":"WR3","name":"Ricky Nattiel","number":"#84","running_speed":25,"maximum_speed":25,"kick_return_maximum_speed":25,"punt_return_maximum_speed":56,"hitting_power":13,"ball_control":50,"receptions":44,"rushing_rating":"33%","rushing_ranking":223,"receiving_rating":"44%","receiving_ranking":165,"kick_return_rating":"48%","kick_return_ranking":211,"punt_return_rating":"65%","punt_return_ranking":82},
    {"team":"Broncos","position":"WR4","name":"Michael Young","number":"#83","running_speed":25,"maximum_speed":25,"kick_return_maximum_speed":25,"punt_return_maximum_speed":56,"hitting_power":13,"ball_control":50,"receptions":50,"rushing_rating":"33%","rushing_ranking":207,"receiving_rating":"48%","receiving_ranking":118,"kick_return_rating":"48%","kick_return_ranking":200,"punt_return_rating":"65%","punt_return_ranking":78},
    {"team":"Broncos","position":"TE1","name":"Clarence Kay","number":"#88","running_speed":31,"maximum_speed":31,"kick_return_maximum_speed":25,"punt_return_maximum_speed":56,"hitting_power":50,"ball_control":50,"receptions":44,"rushing_rating":"40%","rushing_ranking":163,"receiving_rating":"48%","receiving_ranking":134,"kick_return_rating":"50%","kick_return_ranking":181,"punt_return_rating":"67%","punt_return_ranking":68},
    {"team":"Broncos","position":"TE2","name":"Paul Green","number":"#87","running_speed":25,"maximum_speed":19,"kick_return_maximum_speed":25,"punt_return_maximum_speed":56,"hitting_power":44,"ball_control":50,"receptions":31,"rushing_rating":"27%","rushing_ranking":266,"receiving_rating":"34%","receiving_ranking":264,"kick_return_rating":"48%","kick_return_ranking":231,"punt_return_rating":"65%","punt_return_ranking":87},
    {"team":"Broncos","position":"C","name":"Keith Kartz","number":"#72","maximum_speed":38,"hitting_power":44,"rating":"65%","ranking":54},
    {"team":"Broncos","position":"LG","name":"Jim Juriga","number":"#66","maximum_speed":38,"hitting_power":44,"rating":"65%","ranking":55},
    {"team":"Broncos","position":"RG","name":"Doug Widell","number":"#67","maximum_speed":44,"hitting_power":44,"rating":"71%","ranking":35},
    {"team":"Broncos","position":"LT","name":"Darrell Hamilton","number":"#69","maximum_speed":25,"hitting_power":56,"rating":"60%","ranking":86},
    {"team":"Broncos","position":"RT","name":"Ken Lanier","number":"#76","maximum_speed":25,"hitting_power":50,"rating":"56%","ranking":106},
    {"team":"Broncos","position":"RE","name":"Ron Holmes","number":"#90","running_speed":25,"rushing_power":31,"maximum_speed":38,"hitting_power":44,"pass_interceptions":19,"rating":"53%","ranking":72},
    {"team":"Broncos","position":"NT","name":"Greg Kragen","number":"#71","running_speed":25,"rushing_power":31,"maximum_speed":31,"hitting_power":44,"pass_interceptions":19,"rating":"52%","ranking":78},
    {"team":"Broncos","position":"LE","name":"Warren Powers","number":"#91","running_speed":25,"rushing_power":31,"maximum_speed":38,"hitting_power":50,"pass_interceptions":19,"rating":"56%","ranking":50},
    {"team":"Broncos","position":"ROLB","name":"Karl Mecklenburg","number":"#77","running_speed":31,"rushing_power":44,"maximum_speed":50,"hitting_power":56,"pass_interceptions":19,"rating":"69%","ranking":31},
    {"team":"Broncos","position":"RILB","name":"Michael Brooks","number":"#56","running_speed":25,"rushing_power":38,"maximum_speed":44,"hitting_power":56,"pass_interceptions":19,"rating":"63%","ranking":41},
    {"team":"Broncos","position":"LILB","name":"Marc Munford","number":"#51","running_speed":25,"rushing_power":31,"maximum_speed":38,"hitting_power":31,"pass_interceptions":19,"rating":"47%","ranking":103},
    {"team":"Broncos","position":"LOLB","name":"Simon Fletcher","number":"#73","running_speed":38,"rushing_power":50,"maximum_speed":56,"hitting_power":38,"pass_interceptions":19,"rating":"68%","ranking":35},
    {"team":"Broncos","position":"RCB","name":"Wymon Henderson","number":"#24","running_speed":25,"rushing_power":31,"maximum_speed":19,"hitting_power":38,"pass_interceptions":38,"rating":"47%","ranking":104},
    {"team":"Broncos","position":"LCB","name":"Tyrone Braxton","number":"#34","running_speed":25,"rushing_power":31,"maximum_speed":44,"hitting_power":44,"pass_interceptions":50,"rating":"56%","ranking":68},
    {"team":"Broncos","position":"FS","name":"Steve Atwater","number":"#27","running_speed":31,"rushing_power":38,"maximum_speed":50,"hitting_power":69,"pass_interceptions":31,"rating":"55%","ranking":80},
    {"team":"Broncos","position":"SS","name":"Dennis Smith","number":"#49","running_speed":38,"rushing_power":44,"maximum_speed":56,"hitting_power":50,"pass_interceptions":44,"rating":"66%","ranking":34},
    {"team":"Broncos","position":"K","name":"David Treadwell","number":"#9","kicking_ability":69,"avoid_kick_block":31,"rating":"71%","ranking":9},
    {"team":"Broncos","position":"P","name":"Mike Horan","number":"#2","kicking_ability":81,"avoid_kick_block":75,"rating":"98%","ranking":2}
  ]
}

