{
  "full_name": "Cleveland Browns",
  "short_name": "browns",
  "players": [
    {"team":"Browns","position":"QB1","name":"QB Browns","number":"#0","maximum_speed":25,"passing_speed":44,"pass_control":75,"avoid_pass_block":44,"rating":"71%","ranking":5},
    {"team":"Browns","position":"QB2","name":"Mike Pagel","number":"#10","maximum_speed":25,"passing_speed":38,"pass_control":31,"avoid_pass_block":38,"rating":"42%","ranking":45},
    {"team":"Browns","position":"RB1","name":"Kevin Mack","number":"#34","running_speed":44,"maximum_speed":31,"kick_return_maximum_speed":25,"punt_return_maximum_speed":38,"hitting_power":88,"ball_control":50,"receptions":44,"rushing_rating":"50%","rushing_ranking":76,"receiving_rating":"54%","receiving_ranking":79,"kick_return_rating":"62%","kick_return_ranking":37,"punt_return_rating":"61%","punt_return_ranking":129},
    {"team":"Browns","position":"RB2","name":"Eric Metcalf","number":"#21","running_speed":38,"maximum_speed":38,"kick_return_maximum_speed":25,"punt_return_maximum_speed":38,"hitting_power":25,"ball_control":50,"receptions":56,"rushing_rating":"48%","rushing_ranking":83,"receiving_rating":"59%","receiving_ranking":56,"kick_return_rating":"52%","kick_return_ranking":125,"punt_return_rating":"51%","punt_return_ranking":244},
    {"team":"Browns","position":"RB3","name":"Leroy Hoard","number":"#33","running_speed":44,"maximum_speed":25,"kick_return_maximum_speed":25,"punt_return_maximum_speed":38,"hitting_power":31,"ball_control":50,"receptions":25,"rushing_rating":"35%","rushing_ranking":197,"receiving_rating":"36%","receiving_ranking":254,"kick_return_rating":"54%","kick_return_ranking":107,"punt_return_rating":"53%","punt_return_ranking":242},
    {"team":"Browns","position":"RB4","name":"Brent Fullwood","number":"#29","running_speed":44,"maximum_speed":25,"kick_return_maximum_speed":25,"punt_return_maximum_speed":38,"hitting_power":38,"ball_control":50,"receptions":25,"rushing_rating":"35%","rushing_ranking":198,"receiving_rating":"36%","receiving_ranking":255,"kick_return_rating":"54%","kick_return_ranking":108,"punt_return_rating":"53%","punt_return_ranking":243},
    {"team":"Browns","position":"WR1","name":"W. Slaughter","number":"#84","running_speed":31,"maximum_speed":38,"kick_return_maximum_speed":25,"punt_return_maximum_speed":38,"hitting_power":13,"ball_control":50,"receptions":63,"rushing_rating":"47%","rushing_ranking":91,"receiving_rating":"62%","receiving_ranking":44,"kick_return_rating":"50%","kick_return_ranking":167,"punt_return_rating":"48%","punt_return_ranking":245},
    {"team":"Browns","position":"WR2","name":"Reggie Langhorne","number":"#88","running_speed":25,"maximum_speed":25,"kick_return_maximum_speed":25,"punt_return_maximum_speed":38,"hitting_power":13,"ball_control":50,"receptions":50,"rushing_rating":"33%","rushing_ranking":208,"receiving_rating":"48%","receiving_ranking":119,"kick_return_rating":"48%","kick_return_ranking":201,"punt_return_rating":"46%","punt_return_ranking":246},
    {"team":"Browns","position":"WR3","name":"Vernon Joines","number":"#80","running_speed":25,"maximum_speed":19,"kick_return_maximum_speed":25,"punt_return_maximum_speed":38,"hitting_power":13,"ball_control":50,"receptions":44,"rushing_rating":"28%","rushing_ranking":252,"receiving_rating":"42%","receiving_ranking":191,"kick_return_rating":"48%","kick_return_ranking":220,"punt_return_rating":"46%","punt_return_ranking":248},
    {"team":"Browns","position":"WR4","name":"Brian Brennan","number":"#86","running_speed":25,"maximum_speed":19,"kick_return_maximum_speed":25,"punt_return_maximum_speed":38,"hitting_power":13,"ball_control":50,"receptions":44,"rushing_rating":"28%","rushing_ranking":253,"receiving_rating":"42%","receiving_ranking":192,"kick_return_rating":"48%","kick_return_ranking":221,"punt_return_rating":"46%","punt_return_ranking":249},
    {"team":"Browns","position":"TE1","name":"Ozzie Newsome","number":"#82","running_speed":25,"maximum_speed":31,"kick_return_maximum_speed":25,"punt_return_maximum_speed":38,"hitting_power":50,"ball_control":50,"receptions":38,"rushing_rating":"38%","rushing_ranking":184,"receiving_rating":"43%","receiving_ranking":182,"kick_return_rating":"48%","kick_return_ranking":218,"punt_return_rating":"46%","punt_return_ranking":247},
    {"team":"Browns","position":"TE2","name":"John Talley","number":"#87","running_speed":25,"maximum_speed":19,"kick_return_maximum_speed":25,"punt_return_maximum_speed":38,"hitting_power":38,"ball_control":50,"receptions":25,"rushing_rating":"26%","rushing_ranking":276,"receiving_rating":"30%","receiving_ranking":276,"kick_return_rating":"48%","kick_return_ranking":238,"punt_return_rating":"46%","punt_return_ranking":250},
    {"team":"Browns","position":"C","name":"Mike Baab","number":"#61","maximum_speed":38,"hitting_power":44,"rating":"65%","ranking":56},
    {"team":"Browns","position":"LG","name":"Ralph Tamm","number":"#65","maximum_speed":31,"hitting_power":50,"rating":"62%","ranking":69},
    {"team":"Browns","position":"RG","name":"Gregg Rakoczy","number":"#73","maximum_speed":25,"hitting_power":50,"rating":"56%","ranking":107},
    {"team":"Browns","position":"LT","name":"Paul Farren","number":"#74","maximum_speed":31,"hitting_power":44,"rating":"58%","ranking":95},
    {"team":"Browns","position":"RT","name":"Tony Jones","number":"#66","maximum_speed":25,"hitting_power":50,"rating":"56%","ranking":108},
    {"team":"Browns","position":"RE","name":"Robert Banks","number":"#97","running_speed":25,"rushing_power":31,"maximum_speed":38,"hitting_power":50,"pass_interceptions":19,"rating":"56%","ranking":51},
    {"team":"Browns","position":"NT","name":"Chris Pike","number":"#75","running_speed":25,"rushing_power":31,"maximum_speed":31,"hitting_power":56,"pass_interceptions":19,"rating":"58%","ranking":40},
    {"team":"Browns","position":"LE","name":"Al Baker","number":"#60","running_speed":25,"rushing_power":31,"maximum_speed":38,"hitting_power":50,"pass_interceptions":19,"rating":"56%","ranking":52},
    {"team":"Browns","position":"ROLB","name":"Tony Blaylock","number":"#24","running_speed":25,"rushing_power":38,"maximum_speed":44,"hitting_power":38,"pass_interceptions":38,"rating":"60%","ranking":45},
    {"team":"Browns","position":"RILB","name":"David Grayson","number":"#56","running_speed":25,"rushing_power":31,"maximum_speed":38,"hitting_power":38,"pass_interceptions":31,"rating":"53%","ranking":70},
    {"team":"Browns","position":"LILB","name":"Mike Johnson","number":"#59","running_speed":31,"rushing_power":44,"maximum_speed":50,"hitting_power":69,"pass_interceptions":19,"rating":"74%","ranking":19},
    {"team":"Browns","position":"LOLB","name":"Clay Matthews","number":"#57","running_speed":25,"rushing_power":38,"maximum_speed":44,"hitting_power":38,"pass_interceptions":19,"rating":"56%","ranking":60},
    {"team":"Browns","position":"RCB","name":"Raymond Clayborn","number":"#26","running_speed":25,"rushing_power":31,"maximum_speed":38,"hitting_power":38,"pass_interceptions":31,"rating":"46%","ranking":108},
    {"team":"Browns","position":"LCB","name":"Frank Minnifield","number":"#31","running_speed":31,"rushing_power":38,"maximum_speed":50,"hitting_power":50,"pass_interceptions":44,"rating":"60%","ranking":55},
    {"team":"Browns","position":"FS","name":"Thane Gash","number":"#30","running_speed":25,"rushing_power":31,"maximum_speed":38,"hitting_power":44,"pass_interceptions":31,"rating":"46%","ranking":106},
    {"team":"Browns","position":"SS","name":"Felix Wright","number":"#22","running_speed":25,"rushing_power":31,"maximum_speed":38,"hitting_power":38,"pass_interceptions":50,"rating":"55%","ranking":76},
    {"team":"Browns","position":"K","name":"Jerry Kauric","number":"#2","kicking_ability":38,"avoid_kick_block":31,"rating":"44%","ranking":24},
    {"team":"Browns","position":"P","name":"Bryan Wagner","number":"#15","kicking_ability":25,"avoid_kick_block":19,"rating":"29%","ranking":28}
  ]
}

