{
  "full_name": "Tampa Bay Buccaneers",
  "short_name": "buccaneers",
  "players": [
    {"team":"Buccaneers","position":"QB1","name":"Vinny Testaverde","number":"#14","maximum_speed":31,"passing_speed":31,"pass_control":56,"avoid_pass_block":44,"rating":"59%","ranking":11},
    {"team":"Buccaneers","position":"QB2","name":"Jeff Carlson","number":"#7","maximum_speed":13,"passing_speed":44,"pass_control":38,"avoid_pass_block":38,"rating":"42%","ranking":33},
    {"team":"Buccaneers","position":"RB1","name":"Gary Anderson","number":"#40","running_speed":38,"maximum_speed":50,"kick_return_maximum_speed":25,"punt_return_maximum_speed":50,"hitting_power":25,"ball_control":50,"receptions":50,"rushing_rating":"59%","rushing_ranking":40,"receiving_rating":"60%","receiving_ranking":49,"kick_return_rating":"52%","kick_return_ranking":124,"punt_return_rating":"63%","punt_return_ranking":107},
    {"team":"Buccaneers","position":"RB2","name":"Reggie Cobb","number":"#33","running_speed":44,"maximum_speed":25,"kick_return_maximum_speed":25,"punt_return_maximum_speed":50,"hitting_power":94,"ball_control":50,"receptions":44,"rushing_rating":"46%","rushing_ranking":125,"receiving_rating":"52%","receiving_ranking":88,"kick_return_rating":"64%","kick_return_ranking":28,"punt_return_rating":"75%","punt_return_ranking":26},
    {"team":"Buccaneers","position":"RB3","name":"Bruce Perkins","number":"#32","running_speed":38,"maximum_speed":31,"kick_return_maximum_speed":25,"punt_return_maximum_speed":50,"hitting_power":31,"ball_control":50,"receptions":25,"rushing_rating":"40%","rushing_ranking":174,"receiving_rating":"37%","receiving_ranking":237,"kick_return_rating":"52%","kick_return_ranking":154,"punt_return_rating":"63%","punt_return_ranking":115},
    {"team":"Buccaneers","position":"RB4","name":"John Harvey","number":"#26","running_speed":38,"maximum_speed":38,"kick_return_maximum_speed":25,"punt_return_maximum_speed":50,"hitting_power":25,"ball_control":50,"receptions":25,"rushing_rating":"46%","rushing_ranking":114,"receiving_rating":"40%","receiving_ranking":210,"kick_return_rating":"52%","kick_return_ranking":146,"punt_return_rating":"63%","punt_return_ranking":112},
    {"team":"Buccaneers","position":"WR1","name":"Mark Carrier","number":"#88","running_speed":38,"maximum_speed":44,"kick_return_maximum_speed":25,"punt_return_maximum_speed":50,"hitting_power":13,"ball_control":50,"receptions":63,"rushing_rating":"54%","rushing_ranking":52,"receiving_rating":"66%","receiving_ranking":32,"kick_return_rating":"52%","kick_return_ranking":119,"punt_return_rating":"63%","punt_return_ranking":106},
    {"team":"Buccaneers","position":"WR2","name":"Bruce Hill","number":"#84","running_speed":25,"maximum_speed":25,"kick_return_maximum_speed":25,"punt_return_maximum_speed":50,"hitting_power":13,"ball_control":50,"receptions":50,"rushing_rating":"33%","rushing_ranking":209,"receiving_rating":"48%","receiving_ranking":120,"kick_return_rating":"48%","kick_return_ranking":202,"punt_return_rating":"59%","punt_return_ranking":144},
    {"team":"Buccaneers","position":"WR3","name":"Danny Peebles","number":"#83","running_speed":25,"maximum_speed":19,"kick_return_maximum_speed":25,"punt_return_maximum_speed":50,"hitting_power":13,"ball_control":50,"receptions":44,"rushing_rating":"28%","rushing_ranking":254,"receiving_rating":"42%","receiving_ranking":193,"kick_return_rating":"48%","kick_return_ranking":222,"punt_return_rating":"59%","punt_return_ranking":147},
    {"team":"Buccaneers","position":"WR4","name":"Willie Drewrey","number":"#87","running_speed":31,"maximum_speed":31,"kick_return_maximum_speed":25,"punt_return_maximum_speed":50,"hitting_power":13,"ball_control":50,"receptions":44,"rushing_rating":"40%","rushing_ranking":164,"receiving_rating":"48%","receiving_ranking":135,"kick_return_rating":"50%","kick_return_ranking":182,"punt_return_rating":"61%","punt_return_ranking":127},
    {"team":"Buccaneers","position":"TE1","name":"Ron Hall","number":"#82","running_speed":25,"maximum_speed":38,"kick_return_maximum_speed":25,"punt_return_maximum_speed":50,"hitting_power":44,"ball_control":50,"receptions":44,"rushing_rating":"45%","rushing_ranking":133,"receiving_rating":"49%","receiving_ranking":114,"kick_return_rating":"48%","kick_return_ranking":199,"punt_return_rating":"59%","punt_return_ranking":143},
    {"team":"Buccaneers","position":"TE2","name":"Jesse Anderson","number":"#89","running_speed":25,"maximum_speed":31,"kick_return_maximum_speed":25,"punt_return_maximum_speed":50,"hitting_power":44,"ball_control":50,"receptions":31,"rushing_rating":"38%","rushing_ranking":187,"receiving_rating":"39%","receiving_ranking":227,"kick_return_rating":"48%","kick_return_ranking":227,"punt_return_rating":"59%","punt_return_ranking":148},
    {"team":"Buccaneers","position":"C","name":"Randy Grimes","number":"#60","maximum_speed":38,"hitting_power":31,"rating":"57%","ranking":103},
    {"team":"Buccaneers","position":"LG","name":"Carl Bax","number":"#75","maximum_speed":25,"hitting_power":38,"rating":"48%","ranking":137},
    {"team":"Buccaneers","position":"RG","name":"Ian Beckles","number":"#62","maximum_speed":25,"hitting_power":44,"rating":"52%","ranking":131},
    {"team":"Buccaneers","position":"LT","name":"Paul Gruber","number":"#74","maximum_speed":25,"hitting_power":50,"rating":"56%","ranking":109},
    {"team":"Buccaneers","position":"RT","name":"Rob Taylor","number":"#72","maximum_speed":25,"hitting_power":38,"rating":"48%","ranking":138},
    {"team":"Buccaneers","position":"RE","name":"Jim Skow","number":"#71","running_speed":25,"rushing_power":31,"maximum_speed":38,"hitting_power":31,"pass_interceptions":19,"rating":"46%","ranking":83},
    {"team":"Buccaneers","position":"NT","name":"Tim Newton","number":"#96","running_speed":25,"rushing_power":31,"maximum_speed":31,"hitting_power":50,"pass_interceptions":19,"rating":"55%","ranking":65},
    {"team":"Buccaneers","position":"LE","name":"Rueben Davis","number":"#79","running_speed":25,"rushing_power":38,"maximum_speed":31,"hitting_power":50,"pass_interceptions":19,"rating":"58%","ranking":39},
    {"team":"Buccaneers","position":"ROLB","name":"Kevin Murphy","number":"#59","running_speed":25,"rushing_power":31,"maximum_speed":38,"hitting_power":31,"pass_interceptions":19,"rating":"47%","ranking":104},
    {"team":"Buccaneers","position":"RILB","name":"Winston Moss","number":"#58","running_speed":25,"rushing_power":31,"maximum_speed":31,"hitting_power":31,"pass_interceptions":31,"rating":"49%","ranking":97},
    {"team":"Buccaneers","position":"LILB","name":"Eugene Marve","number":"#99","running_speed":25,"rushing_power":31,"maximum_speed":31,"hitting_power":31,"pass_interceptions":19,"rating":"46%","ranking":107},
    {"team":"Buccaneers","position":"LOLB","name":"Broderick Thomas","number":"#51","running_speed":25,"rushing_power":31,"maximum_speed":38,"hitting_power":38,"pass_interceptions":19,"rating":"50%","ranking":86},
    {"team":"Buccaneers","position":"RCB","name":"Wayne Haddix","number":"#45","running_speed":44,"rushing_power":56,"maximum_speed":75,"hitting_power":44,"pass_interceptions":75,"rating":"91%","ranking":1},
    {"team":"Buccaneers","position":"LCB","name":"Ricky Reynolds","number":"#29","running_speed":25,"rushing_power":31,"maximum_speed":38,"hitting_power":31,"pass_interceptions":50,"rating":"55%","ranking":78},
    {"team":"Buccaneers","position":"FS","name":"Harry Hamilton","number":"#39","running_speed":25,"rushing_power":31,"maximum_speed":44,"hitting_power":44,"pass_interceptions":56,"rating":"59%","ranking":60},
    {"team":"Buccaneers","position":"SS","name":"Mark Robinson","number":"#30","running_speed":31,"rushing_power":38,"maximum_speed":50,"hitting_power":50,"pass_interceptions":56,"rating":"66%","ranking":32},
    {"team":"Buccaneers","position":"K","name":"Steve Christie","number":"#2","kicking_ability":69,"avoid_kick_block":75,"rating":"87%","ranking":3},
    {"team":"Buccaneers","position":"P","name":"Mark Royals","number":"#3","kicking_ability":38,"avoid_kick_block":69,"rating":"58%","ranking":15}
  ]
}

