{
  "full_name": "Phoenix Cardinals",
  "short_name": "cardinals",
  "players": [
    {"team":"Cardinals","position":"QB1","name":"Timm Rosenbach","number":"#3","maximum_speed":19,"passing_speed":31,"pass_control":44,"avoid_pass_block":31,"rating":"45%","ranking":27},
    {"team":"Cardinals","position":"QB2","name":"Tom Tupa","number":"#19","maximum_speed":13,"passing_speed":44,"pass_control":38,"avoid_pass_block":38,"rating":"42%","ranking":34},
    {"team":"Cardinals","position":"RB1","name":"Johnny Johnson","number":"#39","running_speed":38,"maximum_speed":50,"kick_return_maximum_speed":25,"punt_return_maximum_speed":56,"hitting_power":38,"ball_control":50,"receptions":38,"rushing_rating":"58%","rushing_ranking":42,"receiving_rating":"53%","receiving_ranking":86,"kick_return_rating":"52%","kick_return_ranking":131,"punt_return_rating":"69%","punt_return_ranking":56},
    {"team":"Cardinals","position":"RB2","name":"Ron Wolfley","number":"#24","running_speed":38,"maximum_speed":38,"kick_return_maximum_speed":25,"punt_return_maximum_speed":56,"hitting_power":38,"ball_control":50,"receptions":25,"rushing_rating":"46%","rushing_ranking":115,"receiving_rating":"40%","receiving_ranking":211,"kick_return_rating":"52%","kick_return_ranking":147,"punt_return_rating":"69%","punt_return_ranking":60},
    {"team":"Cardinals","position":"RB3","name":"Vai Sikahema","number":"#36","running_speed":44,"maximum_speed":38,"kick_return_maximum_speed":25,"punt_return_maximum_speed":56,"hitting_power":25,"ball_control":50,"receptions":31,"rushing_rating":"47%","rushing_ranking":90,"receiving_rating":"44%","receiving_ranking":161,"kick_return_rating":"54%","kick_return_ranking":99,"punt_return_rating":"71%","punt_return_ranking":38},
    {"team":"Cardinals","position":"RB4","name":"Anthony Thompson","number":"#34","running_speed":38,"maximum_speed":38,"kick_return_maximum_speed":25,"punt_return_maximum_speed":56,"hitting_power":38,"ball_control":50,"receptions":25,"rushing_rating":"46%","rushing_ranking":116,"receiving_rating":"40%","receiving_ranking":212,"kick_return_rating":"52%","kick_return_ranking":148,"punt_return_rating":"69%","punt_return_ranking":61},
    {"team":"Cardinals","position":"WR1","name":"Roy Green","number":"#81","running_speed":38,"maximum_speed":44,"kick_return_maximum_speed":25,"punt_return_maximum_speed":56,"hitting_power":13,"ball_control":50,"receptions":56,"rushing_rating":"54%","rushing_ranking":54,"receiving_rating":"61%","receiving_ranking":46,"kick_return_rating":"52%","kick_return_ranking":123,"punt_return_rating":"69%","punt_return_ranking":54},
    {"team":"Cardinals","position":"WR2","name":"Ricky Proehl","number":"#87","running_speed":25,"maximum_speed":19,"kick_return_maximum_speed":25,"punt_return_maximum_speed":56,"hitting_power":13,"ball_control":50,"receptions":69,"rushing_rating":"29%","rushing_ranking":244,"receiving_rating":"57%","receiving_ranking":66,"kick_return_rating":"48%","kick_return_ranking":195,"punt_return_rating":"65%","punt_return_ranking":76},
    {"team":"Cardinals","position":"WR3","name":"Ernie Jones","number":"#86","running_speed":31,"maximum_speed":38,"kick_return_maximum_speed":25,"punt_return_maximum_speed":56,"hitting_power":13,"ball_control":50,"receptions":56,"rushing_rating":"47%","rushing_ranking":100,"receiving_rating":"58%","receiving_ranking":59,"kick_return_rating":"50%","kick_return_ranking":170,"punt_return_rating":"67%","punt_return_ranking":67},
    {"team":"Cardinals","position":"WR4","name":"J.T. Smith","number":"#84","running_speed":25,"maximum_speed":25,"kick_return_maximum_speed":25,"punt_return_maximum_speed":56,"hitting_power":13,"ball_control":50,"receptions":50,"rushing_rating":"33%","rushing_ranking":210,"receiving_rating":"48%","receiving_ranking":121,"kick_return_rating":"48%","kick_return_ranking":203,"punt_return_rating":"65%","punt_return_ranking":79},
    {"team":"Cardinals","position":"TE1","name":"Walter Reeves","number":"#89","running_speed":25,"maximum_speed":19,"kick_return_maximum_speed":25,"punt_return_maximum_speed":56,"hitting_power":44,"ball_control":50,"receptions":38,"rushing_rating":"27%","rushing_ranking":260,"receiving_rating":"38%","receiving_ranking":230,"kick_return_rating":"48%","kick_return_ranking":228,"punt_return_rating":"65%","punt_return_ranking":86},
    {"team":"Cardinals","position":"TE2","name":"Tim Jorden","number":"#85","running_speed":25,"maximum_speed":19,"kick_return_maximum_speed":25,"punt_return_maximum_speed":56,"hitting_power":38,"ball_control":50,"receptions":25,"rushing_rating":"26%","rushing_ranking":277,"receiving_rating":"30%","receiving_ranking":277,"kick_return_rating":"48%","kick_return_ranking":239,"punt_return_rating":"65%","punt_return_ranking":88},
    {"team":"Cardinals","position":"C","name":"Bill Lewis","number":"#51","maximum_speed":31,"hitting_power":38,"rating":"54%","ranking":124},
    {"team":"Cardinals","position":"LG","name":"Derek Kennard","number":"#70","maximum_speed":25,"hitting_power":56,"rating":"60%","ranking":87},
    {"team":"Cardinals","position":"RG","name":"Lance Smith","number":"#61","maximum_speed":31,"hitting_power":38,"rating":"54%","ranking":125},
    {"team":"Cardinals","position":"LT","name":"Luis Sharpe","number":"#67","maximum_speed":50,"hitting_power":63,"rating":"89%","ranking":3},
    {"team":"Cardinals","position":"RT","name":"Tootie Robbins","number":"#63","maximum_speed":25,"hitting_power":56,"rating":"60%","ranking":88},
    {"team":"Cardinals","position":"RE","name":"Rod Saddler","number":"#72","running_speed":25,"rushing_power":31,"maximum_speed":38,"hitting_power":50,"pass_interceptions":19,"rating":"56%","ranking":53},
    {"team":"Cardinals","position":"NT","name":"Jim Wahler","number":"#66","running_speed":25,"rushing_power":31,"maximum_speed":38,"hitting_power":44,"pass_interceptions":19,"rating":"53%","ranking":73},
    {"team":"Cardinals","position":"LE","name":"Freddie Joe Nunn","number":"#78","running_speed":31,"rushing_power":44,"maximum_speed":50,"hitting_power":56,"pass_interceptions":19,"rating":"69%","ranking":18},
    {"team":"Cardinals","position":"ROLB","name":"Ken Harvey","number":"#56","running_speed":31,"rushing_power":44,"maximum_speed":56,"hitting_power":63,"pass_interceptions":19,"rating":"72%","ranking":24},
    {"team":"Cardinals","position":"RILB","name":"Garth Jax","number":"#53","running_speed":25,"rushing_power":31,"maximum_speed":38,"hitting_power":31,"pass_interceptions":31,"rating":"50%","ranking":83},
    {"team":"Cardinals","position":"LILB","name":"Eric Hill","number":"#58","running_speed":25,"rushing_power":31,"maximum_speed":31,"hitting_power":38,"pass_interceptions":19,"rating":"49%","ranking":99},
    {"team":"Cardinals","position":"LOLB","name":"Anthony Bell","number":"#55","running_speed":25,"rushing_power":31,"maximum_speed":31,"hitting_power":38,"pass_interceptions":31,"rating":"52%","ranking":79},
    {"team":"Cardinals","position":"RCB","name":"Jay Taylor","number":"#27","running_speed":25,"rushing_power":31,"maximum_speed":38,"hitting_power":19,"pass_interceptions":50,"rating":"54%","ranking":82},
    {"team":"Cardinals","position":"LCB","name":"Cedric Mack","number":"#47","running_speed":25,"rushing_power":31,"maximum_speed":31,"hitting_power":38,"pass_interceptions":44,"rating":"51%","ranking":94},
    {"team":"Cardinals","position":"FS","name":"Lonnie Young","number":"#43","running_speed":69,"rushing_power":31,"maximum_speed":44,"hitting_power":44,"pass_interceptions":56,"rating":"66%","ranking":33},
    {"team":"Cardinals","position":"SS","name":"Tim Mcdonald","number":"#46","running_speed":38,"rushing_power":44,"maximum_speed":56,"hitting_power":56,"pass_interceptions":56,"rating":"72%","ranking":19},
    {"team":"Cardinals","position":"K","name":"Al Del Greco","number":"#17","kicking_ability":19,"avoid_kick_block":56,"rating":"37%","ranking":27},
    {"team":"Cardinals","position":"P","name":"Rich Camarillo","number":"#16","kicking_ability":75,"avoid_kick_block":81,"rating":"95%","ranking":3}
  ]
}

