[{"team":"Buccaneers","position":"RCB","name":"Wayne Haddix","number":"#45","running_speed":44,"rushing_power":56,"maximum_speed":75,"hitting_power":44,"pass_interceptions":75,"rating":"91%","ranking":1},
{"team":"Bengals","position":"SS","name":"David Fulcher","number":"#33","running_speed":44,"rushing_power":56,"maximum_speed":69,"hitting_power":75,"pass_interceptions":69,"rating":"90%","ranking":2},
{"team":"Steelers","position":"RCB","name":"Rod Woodson","number":"#26","running_speed":44,"rushing_power":56,"maximum_speed":75,"hitting_power":69,"pass_interceptions":63,"rating":"87%","ranking":3},
{"team":"Oilers","position":"RCB","name":"Richard Johnson","number":"#23","running_speed":38,"rushing_power":50,"maximum_speed":63,"hitting_power":44,"pass_interceptions":75,"rating":"85%","ranking":4},
{"team":"Bears","position":"FS","name":"Mark Carrier","number":"#20","running_speed":38,"rushing_power":44,"maximum_speed":56,"hitting_power":50,"pass_interceptions":81,"rating":"84%","ranking":5},
{"team":"Vikings","position":"SS","name":"Joey Browner","number":"#47","running_speed":38,"rushing_power":50,"maximum_speed":63,"hitting_power":56,"pass_interceptions":69,"rating":"83%","ranking":6},
{"team":"Falcons","position":"RCB","name":"Deion Sanders","number":"#21","running_speed":44,"rushing_power":56,"maximum_speed":75,"hitting_power":56,"pass_interceptions":56,"rating":"83%","ranking":7},
{"team":"49ers","position":"SS","name":"Dave Waymer","number":"#43","running_speed":38,"rushing_power":50,"maximum_speed":63,"hitting_power":50,"pass_interceptions":69,"rating":"83%","ranking":8},
{"team":"Chargers","position":"LCB","name":"Gill Byrd","number":"#22","running_speed":38,"rushing_power":50,"maximum_speed":63,"hitting_power":50,"pass_interceptions":69,"rating":"83%","ranking":9},
{"team":"Redskins","position":"LCB","name":"Martin Mayhew","number":"#35","running_speed":38,"rushing_power":50,"maximum_speed":63,"hitting_power":31,"pass_interceptions":69,"rating":"81%","ranking":10},
{"team":"49ers","position":"FS","name":"Ronnie Lott","number":"#42","running_speed":44,"rushing_power":56,"maximum_speed":69,"hitting_power":69,"pass_interceptions":50,"rating":"80%","ranking":11},
{"team":"Bears","position":"RCB","name":"Lemuel Stinson","number":"#32","running_speed":38,"rushing_power":44,"maximum_speed":56,"hitting_power":50,"pass_interceptions":69,"rating":"78%","ranking":12},
{"team":"Redskins","position":"RCB","name":"Darrell Green","number":"#28","running_speed":44,"rushing_power":56,"maximum_speed":75,"hitting_power":44,"pass_interceptions":44,"rating":"76%","ranking":13},
{"team":"Jets","position":"FS","name":"Erik Mcmillan","number":"#22","running_speed":38,"rushing_power":44,"maximum_speed":56,"hitting_power":56,"pass_interceptions":63,"rating":"75%","ranking":14},
{"team":"Patriots","position":"LCB","name":"Ronnie Lippett","number":"#42","running_speed":38,"rushing_power":44,"maximum_speed":56,"hitting_power":50,"pass_interceptions":63,"rating":"75%","ranking":15},
{"team":"Raiders","position":"FS","name":"Eddie Anderson","number":"#33","running_speed":38,"rushing_power":50,"maximum_speed":63,"hitting_power":69,"pass_interceptions":50,"rating":"74%","ranking":16},
{"team":"Giants","position":"RCB","name":"Everson Walls","number":"#28","running_speed":38,"rushing_power":44,"maximum_speed":56,"hitting_power":31,"pass_interceptions":63,"rating":"74%","ranking":17},
{"team":"Vikings","position":"LCB","name":"Carl Lee","number":"#39","running_speed":38,"rushing_power":50,"maximum_speed":63,"hitting_power":56,"pass_interceptions":50,"rating":"74%","ranking":18},
{"team":"Cardinals","position":"SS","name":"Tim Mcdonald","number":"#46","running_speed":38,"rushing_power":44,"maximum_speed":56,"hitting_power":56,"pass_interceptions":56,"rating":"72%","ranking":19},
{"team":"Dolphins","position":"SS","name":"Jarvis Williams","number":"#26","running_speed":38,"rushing_power":44,"maximum_speed":56,"hitting_power":56,"pass_interceptions":56,"rating":"72%","ranking":20},
{"team":"Dolphins","position":"FS","name":"Louis Oliver","number":"#25","running_speed":38,"rushing_power":44,"maximum_speed":56,"hitting_power":56,"pass_interceptions":56,"rating":"72%","ranking":21},
{"team":"Lions","position":"SS","name":"William White","number":"#35","running_speed":38,"rushing_power":44,"maximum_speed":56,"hitting_power":56,"pass_interceptions":56,"rating":"72%","ranking":22},
{"team":"Steelers","position":"LCB","name":"Dwayne Woodruff","number":"#49","running_speed":38,"rushing_power":44,"maximum_speed":56,"hitting_power":56,"pass_interceptions":56,"rating":"72%","ranking":23},
{"team":"Eagles","position":"RCB","name":"Eric Allen","number":"#21","running_speed":38,"rushing_power":50,"maximum_speed":44,"hitting_power":50,"pass_interceptions":50,"rating":"71%","ranking":24},
{"team":"Cowboys","position":"RCB","name":"Manny Hendrix","number":"#45","running_speed":38,"rushing_power":50,"maximum_speed":63,"hitting_power":50,"pass_interceptions":44,"rating":"70%","ranking":25},
{"team":"Bears","position":"LCB","name":"Donnell Woolford","number":"#21","running_speed":31,"rushing_power":38,"maximum_speed":50,"hitting_power":44,"pass_interceptions":63,"rating":"69%","ranking":26},
{"team":"Cowboys","position":"LCB","name":"Issiac Holt","number":"#30","running_speed":38,"rushing_power":44,"maximum_speed":56,"hitting_power":56,"pass_interceptions":50,"rating":"69%","ranking":27},
{"team":"Eagles","position":"LCB","name":"Ben Smith","number":"#26","running_speed":38,"rushing_power":50,"maximum_speed":38,"hitting_power":31,"pass_interceptions":50,"rating":"69%","ranking":28},
{"team":"Steelers","position":"SS","name":"Carnell Lake","number":"#37","running_speed":38,"rushing_power":44,"maximum_speed":56,"hitting_power":50,"pass_interceptions":50,"rating":"68%","ranking":29},
{"team":"Chargers","position":"RCB","name":"Sam Seale","number":"#30","running_speed":38,"rushing_power":44,"maximum_speed":56,"hitting_power":38,"pass_interceptions":50,"rating":"68%","ranking":30},
{"team":"Giants","position":"SS","name":"Greg Jackson","number":"#47","running_speed":31,"rushing_power":38,"maximum_speed":50,"hitting_power":56,"pass_interceptions":56,"rating":"66%","ranking":31},
{"team":"Buccaneers","position":"SS","name":"Mark Robinson","number":"#30","running_speed":31,"rushing_power":38,"maximum_speed":50,"hitting_power":50,"pass_interceptions":56,"rating":"66%","ranking":32},
{"team":"Cardinals","position":"FS","name":"Lonnie Young","number":"#43","running_speed":69,"rushing_power":31,"maximum_speed":44,"hitting_power":44,"pass_interceptions":56,"rating":"66%","ranking":33},
{"team":"Broncos","position":"SS","name":"Dennis Smith","number":"#49","running_speed":38,"rushing_power":44,"maximum_speed":56,"hitting_power":50,"pass_interceptions":44,"rating":"66%","ranking":34},
{"team":"Giants","position":"LCB","name":"Mark Collins","number":"#25","running_speed":38,"rushing_power":44,"maximum_speed":56,"hitting_power":50,"pass_interceptions":44,"rating":"66%","ranking":35},
{"team":"Chiefs","position":"RCB","name":"Kevin Ross","number":"#31","running_speed":31,"rushing_power":38,"maximum_speed":50,"hitting_power":44,"pass_interceptions":56,"rating":"65%","ranking":36},
{"team":"Oilers","position":"FS","name":"Terry Kinard","number":"#27","running_speed":31,"rushing_power":38,"maximum_speed":50,"hitting_power":44,"pass_interceptions":56,"rating":"65%","ranking":37},
{"team":"Saints","position":"LCB","name":"Robert Massey","number":"#40","running_speed":31,"rushing_power":38,"maximum_speed":50,"hitting_power":44,"pass_interceptions":56,"rating":"65%","ranking":38},
{"team":"Steelers","position":"FS","name":"Thomas Everett","number":"#27","running_speed":31,"rushing_power":38,"maximum_speed":50,"hitting_power":38,"pass_interceptions":56,"rating":"65%","ranking":39},
{"team":"Rams","position":"SS","name":"Vince Newsome","number":"#22","running_speed":31,"rushing_power":38,"maximum_speed":50,"hitting_power":31,"pass_interceptions":56,"rating":"65%","ranking":40},
{"team":"Rams","position":"RCB","name":"Bobby Humphery","number":"#48","running_speed":31,"rushing_power":38,"maximum_speed":50,"hitting_power":31,"pass_interceptions":56,"rating":"65%","ranking":41},
{"team":"Chiefs","position":"LCB","name":"Albert Lewis","number":"#29","running_speed":31,"rushing_power":38,"maximum_speed":50,"hitting_power":56,"pass_interceptions":50,"rating":"63%","ranking":42},
{"team":"Bengals","position":"FS","name":"Barney Bussey","number":"#27","running_speed":31,"rushing_power":38,"maximum_speed":50,"hitting_power":50,"pass_interceptions":50,"rating":"63%","ranking":43},
{"team":"Cowboys","position":"SS","name":"James Washington","number":"#37","running_speed":31,"rushing_power":38,"maximum_speed":50,"hitting_power":50,"pass_interceptions":50,"rating":"63%","ranking":44},
{"team":"Lions","position":"LCB","name":"Ray Crockett","number":"#39","running_speed":31,"rushing_power":38,"maximum_speed":50,"hitting_power":50,"pass_interceptions":50,"rating":"63%","ranking":45},
{"team":"Dolphins","position":"LCB","name":"Tim Mckyer","number":"#22","running_speed":31,"rushing_power":38,"maximum_speed":50,"hitting_power":44,"pass_interceptions":50,"rating":"63%","ranking":46},
{"team":"Patriots","position":"RCB","name":"Maurice Hurst","number":"#37","running_speed":31,"rushing_power":38,"maximum_speed":50,"hitting_power":44,"pass_interceptions":50,"rating":"63%","ranking":47},
{"team":"Raiders","position":"RCB","name":"L. Washington","number":"#48","running_speed":38,"rushing_power":44,"maximum_speed":56,"hitting_power":44,"pass_interceptions":38,"rating":"62%","ranking":48},
{"team":"Raiders","position":"LCB","name":"Terry Mcdaniel","number":"#36","running_speed":38,"rushing_power":44,"maximum_speed":56,"hitting_power":44,"pass_interceptions":38,"rating":"62%","ranking":49},
{"team":"49ers","position":"RCB","name":"Don Griffin","number":"#29","running_speed":31,"rushing_power":38,"maximum_speed":50,"hitting_power":38,"pass_interceptions":50,"rating":"62%","ranking":50},
{"team":"Bills","position":"RCB","name":"Nate Odomes","number":"#37","running_speed":38,"rushing_power":44,"maximum_speed":56,"hitting_power":38,"pass_interceptions":38,"rating":"62%","ranking":51},
{"team":"Seahawks","position":"LCB","name":"Dwayne Harper","number":"#29","running_speed":31,"rushing_power":38,"maximum_speed":50,"hitting_power":31,"pass_interceptions":50,"rating":"62%","ranking":52},
{"team":"Cowboys","position":"FS","name":"Ray Horton","number":"#20","running_speed":31,"rushing_power":38,"maximum_speed":50,"hitting_power":56,"pass_interceptions":44,"rating":"60%","ranking":53},
{"team":"Giants","position":"FS","name":"Myron Guyton","number":"#29","running_speed":31,"rushing_power":38,"maximum_speed":50,"hitting_power":56,"pass_interceptions":44,"rating":"60%","ranking":54},
{"team":"Browns","position":"LCB","name":"Frank Minnifield","number":"#31","running_speed":31,"rushing_power":38,"maximum_speed":50,"hitting_power":50,"pass_interceptions":44,"rating":"60%","ranking":55},
{"team":"Bills","position":"SS","name":"Leonard Smith","number":"#46","running_speed":31,"rushing_power":38,"maximum_speed":50,"hitting_power":44,"pass_interceptions":44,"rating":"60%","ranking":56},
{"team":"Chargers","position":"FS","name":"Vencie Glenn","number":"#25","running_speed":31,"rushing_power":38,"maximum_speed":50,"hitting_power":44,"pass_interceptions":44,"rating":"60%","ranking":57},
{"team":"Saints","position":"SS","name":"Brett Maxie","number":"#39","running_speed":31,"rushing_power":38,"maximum_speed":50,"hitting_power":44,"pass_interceptions":44,"rating":"60%","ranking":58},
{"team":"Bears","position":"SS","name":"Shaun Gayle","number":"#23","running_speed":25,"rushing_power":31,"maximum_speed":44,"hitting_power":44,"pass_interceptions":56,"rating":"59%","ranking":59},
{"team":"Buccaneers","position":"FS","name":"Harry Hamilton","number":"#39","running_speed":25,"rushing_power":31,"maximum_speed":44,"hitting_power":44,"pass_interceptions":56,"rating":"59%","ranking":60},
{"team":"Bills","position":"FS","name":"Mark Kelso","number":"#38","running_speed":31,"rushing_power":38,"maximum_speed":50,"hitting_power":38,"pass_interceptions":44,"rating":"59%","ranking":61},
{"team":"Vikings","position":"RCB","name":"Reggie Rutland","number":"#48","running_speed":31,"rushing_power":38,"maximum_speed":50,"hitting_power":38,"pass_interceptions":44,"rating":"59%","ranking":62},
{"team":"Oilers","position":"LCB","name":"Cris Dishman","number":"#28","running_speed":25,"rushing_power":31,"maximum_speed":44,"hitting_power":31,"pass_interceptions":56,"rating":"59%","ranking":63},
{"team":"Patriots","position":"FS","name":"Fred Marion","number":"#31","running_speed":25,"rushing_power":31,"maximum_speed":44,"hitting_power":50,"pass_interceptions":50,"rating":"57%","ranking":64},
{"team":"Raiders","position":"SS","name":"Mike Harden","number":"#45","running_speed":25,"rushing_power":31,"maximum_speed":44,"hitting_power":50,"pass_interceptions":50,"rating":"57%","ranking":65},
{"team":"Vikings","position":"FS","name":"D. Fullington","number":"#29","running_speed":31,"rushing_power":38,"maximum_speed":50,"hitting_power":44,"pass_interceptions":38,"rating":"57%","ranking":66},
{"team":"Eagles","position":"FS","name":"Wes Hopkins","number":"#48","running_speed":25,"rushing_power":31,"maximum_speed":19,"hitting_power":50,"pass_interceptions":56,"rating":"57%","ranking":67},
{"team":"Broncos","position":"LCB","name":"Tyrone Braxton","number":"#34","running_speed":25,"rushing_power":31,"maximum_speed":44,"hitting_power":44,"pass_interceptions":50,"rating":"56%","ranking":68},
{"team":"Oilers","position":"SS","name":"Bubba Mcdowell","number":"#25","running_speed":25,"rushing_power":31,"maximum_speed":44,"hitting_power":44,"pass_interceptions":50,"rating":"56%","ranking":69},
{"team":"Packers","position":"SS","name":"Mark Murphy","number":"#37","running_speed":25,"rushing_power":31,"maximum_speed":44,"hitting_power":44,"pass_interceptions":50,"rating":"56%","ranking":70},
{"team":"Redskins","position":"FS","name":"Todd Bowles","number":"#23","running_speed":25,"rushing_power":31,"maximum_speed":44,"hitting_power":44,"pass_interceptions":50,"rating":"56%","ranking":71},
{"team":"Bills","position":"LCB","name":"Kirby Jackson","number":"#47","running_speed":25,"rushing_power":31,"maximum_speed":44,"hitting_power":38,"pass_interceptions":50,"rating":"56%","ranking":72},
{"team":"Chiefs","position":"FS","name":"Deron Cherry","number":"#20","running_speed":25,"rushing_power":31,"maximum_speed":44,"hitting_power":38,"pass_interceptions":50,"rating":"56%","ranking":73},
{"team":"Jets","position":"SS","name":"Brian Washington","number":"#21","running_speed":25,"rushing_power":31,"maximum_speed":44,"hitting_power":38,"pass_interceptions":50,"rating":"56%","ranking":74},
{"team":"Packers","position":"RCB","name":"Jerry Holmes","number":"#44","running_speed":25,"rushing_power":31,"maximum_speed":44,"hitting_power":38,"pass_interceptions":50,"rating":"56%","ranking":75},
{"team":"Browns","position":"SS","name":"Felix Wright","number":"#22","running_speed":25,"rushing_power":31,"maximum_speed":38,"hitting_power":38,"pass_interceptions":50,"rating":"55%","ranking":76},
{"team":"Seahawks","position":"FS","name":"Eugene Robinson","number":"#41","running_speed":25,"rushing_power":31,"maximum_speed":38,"hitting_power":38,"pass_interceptions":50,"rating":"55%","ranking":77},
{"team":"Buccaneers","position":"LCB","name":"Ricky Reynolds","number":"#29","running_speed":25,"rushing_power":31,"maximum_speed":38,"hitting_power":31,"pass_interceptions":50,"rating":"55%","ranking":78},
{"team":"Falcons","position":"FS","name":"Scott Case","number":"#25","running_speed":25,"rushing_power":31,"maximum_speed":38,"hitting_power":31,"pass_interceptions":50,"rating":"55%","ranking":79},
{"team":"Broncos","position":"FS","name":"Steve Atwater","number":"#27","running_speed":31,"rushing_power":38,"maximum_speed":50,"hitting_power":69,"pass_interceptions":31,"rating":"55%","ranking":80},
{"team":"Chargers","position":"SS","name":"Martin Bayless","number":"#44","running_speed":25,"rushing_power":31,"maximum_speed":44,"hitting_power":56,"pass_interceptions":44,"rating":"54%","ranking":81},
{"team":"Cardinals","position":"RCB","name":"Jay Taylor","number":"#27","running_speed":25,"rushing_power":31,"maximum_speed":38,"hitting_power":19,"pass_interceptions":50,"rating":"54%","ranking":82},
{"team":"Falcons","position":"SS","name":"Brian Jordan","number":"#40","running_speed":25,"rushing_power":31,"maximum_speed":25,"hitting_power":44,"pass_interceptions":50,"rating":"54%","ranking":83},
{"team":"Dolphins","position":"RCB","name":"J.B. Brown","number":"#37","running_speed":25,"rushing_power":31,"maximum_speed":44,"hitting_power":50,"pass_interceptions":44,"rating":"54%","ranking":84},
{"team":"Falcons","position":"LCB","name":"Charles Dimry","number":"#22","running_speed":25,"rushing_power":31,"maximum_speed":31,"hitting_power":31,"pass_interceptions":50,"rating":"54%","ranking":85},
{"team":"Lions","position":"FS","name":"Bennie Blades","number":"#36","running_speed":25,"rushing_power":31,"maximum_speed":38,"hitting_power":50,"pass_interceptions":44,"rating":"53%","ranking":86},
{"team":"Colts","position":"FS","name":"Mike Prior","number":"#39","running_speed":25,"rushing_power":31,"maximum_speed":38,"hitting_power":44,"pass_interceptions":44,"rating":"53%","ranking":87},
{"team":"Saints","position":"FS","name":"Gene Atkins","number":"#28","running_speed":25,"rushing_power":31,"maximum_speed":38,"hitting_power":44,"pass_interceptions":44,"rating":"53%","ranking":88},
{"team":"Redskins","position":"SS","name":"Alvin Walton","number":"#40","running_speed":25,"rushing_power":31,"maximum_speed":44,"hitting_power":31,"pass_interceptions":44,"rating":"53%","ranking":89},
{"team":"Jets","position":"RCB","name":"James Hasty","number":"#40","running_speed":25,"rushing_power":31,"maximum_speed":38,"hitting_power":38,"pass_interceptions":44,"rating":"52%","ranking":90},
{"team":"Saints","position":"RCB","name":"Toi Cook","number":"#41","running_speed":25,"rushing_power":31,"maximum_speed":38,"hitting_power":38,"pass_interceptions":44,"rating":"52%","ranking":91},
{"team":"Jets","position":"LCB","name":"Tony Stargell","number":"#45","running_speed":25,"rushing_power":31,"maximum_speed":38,"hitting_power":31,"pass_interceptions":44,"rating":"52%","ranking":92},
{"team":"Rams","position":"FS","name":"Anthony Newman","number":"#26","running_speed":25,"rushing_power":31,"maximum_speed":31,"hitting_power":44,"pass_interceptions":44,"rating":"52%","ranking":93},
{"team":"Cardinals","position":"LCB","name":"Cedric Mack","number":"#47","running_speed":25,"rushing_power":31,"maximum_speed":31,"hitting_power":38,"pass_interceptions":44,"rating":"51%","ranking":94},
{"team":"Seahawks","position":"SS","name":"Nesby Glasgow","number":"#22","running_speed":31,"rushing_power":38,"maximum_speed":50,"hitting_power":56,"pass_interceptions":25,"rating":"51%","ranking":95},
{"team":"49ers","position":"LCB","name":"Darryl Pollard","number":"#26","running_speed":25,"rushing_power":31,"maximum_speed":44,"hitting_power":44,"pass_interceptions":38,"rating":"51%","ranking":96},
{"team":"Chiefs","position":"SS","name":"Kevin Porter","number":"#27","running_speed":25,"rushing_power":31,"maximum_speed":44,"hitting_power":38,"pass_interceptions":38,"rating":"50%","ranking":97},
{"team":"Colts","position":"SS","name":"Keith Taylor","number":"#27","running_speed":25,"rushing_power":31,"maximum_speed":44,"hitting_power":38,"pass_interceptions":38,"rating":"50%","ranking":98},
{"team":"Bengals","position":"LCB","name":"Lewis Billups","number":"#24","running_speed":25,"rushing_power":31,"maximum_speed":25,"hitting_power":31,"pass_interceptions":44,"rating":"50%","ranking":99},
{"team":"Packers","position":"FS","name":"Chuck Cecil","number":"#26","running_speed":25,"rushing_power":31,"maximum_speed":38,"hitting_power":44,"pass_interceptions":38,"rating":"50%","ranking":100},
{"team":"Seahawks","position":"RCB","name":"Patrick Hunter","number":"#27","running_speed":25,"rushing_power":31,"maximum_speed":38,"hitting_power":38,"pass_interceptions":38,"rating":"49%","ranking":101},
{"team":"Rams","position":"LCB","name":"Jerry Gray","number":"#25","running_speed":25,"rushing_power":31,"maximum_speed":38,"hitting_power":31,"pass_interceptions":38,"rating":"49%","ranking":102},
{"team":"Bengals","position":"RCB","name":"Carl Carter","number":"#45","running_speed":25,"rushing_power":31,"maximum_speed":25,"hitting_power":31,"pass_interceptions":38,"rating":"47%","ranking":103},
{"team":"Broncos","position":"RCB","name":"Wymon Henderson","number":"#24","running_speed":25,"rushing_power":31,"maximum_speed":19,"hitting_power":38,"pass_interceptions":38,"rating":"47%","ranking":104},
{"team":"Lions","position":"RCB","name":"Leroy Irvin","number":"#47","running_speed":25,"rushing_power":31,"maximum_speed":25,"hitting_power":25,"pass_interceptions":38,"rating":"47%","ranking":105},
{"team":"Browns","position":"FS","name":"Thane Gash","number":"#30","running_speed":25,"rushing_power":31,"maximum_speed":38,"hitting_power":44,"pass_interceptions":31,"rating":"46%","ranking":106},
{"team":"Patriots","position":"SS","name":"Rod Mcswain","number":"#23","running_speed":25,"rushing_power":31,"maximum_speed":31,"hitting_power":56,"pass_interceptions":31,"rating":"46%","ranking":107},
{"team":"Browns","position":"RCB","name":"Raymond Clayborn","number":"#26","running_speed":25,"rushing_power":31,"maximum_speed":38,"hitting_power":38,"pass_interceptions":31,"rating":"46%","ranking":108},
{"team":"Colts","position":"RCB","name":"Eugene Daniel","number":"#38","running_speed":25,"rushing_power":31,"maximum_speed":38,"hitting_power":38,"pass_interceptions":31,"rating":"46%","ranking":109},
{"team":"Colts","position":"LCB","name":"Chris Goode","number":"#37","running_speed":25,"rushing_power":31,"maximum_speed":38,"hitting_power":38,"pass_interceptions":31,"rating":"46%","ranking":110},
{"team":"Packers","position":"LCB","name":"Mark Lee","number":"#22","running_speed":25,"rushing_power":31,"maximum_speed":38,"hitting_power":38,"pass_interceptions":31,"rating":"46%","ranking":111},
{"team":"Eagles","position":"SS","name":"Andre Waters","number":"#20","running_speed":25,"rushing_power":31,"maximum_speed":19,"hitting_power":31,"pass_interceptions":25,"rating":"40%","ranking":112}]
