{
  "full_name": "San Diego Chargers",
  "short_name": "chargers",
  "players": [
    {"team":"Chargers","position":"QB1","name":"B.J. Tolliver","number":"#11","maximum_speed":13,"passing_speed":81,"pass_control":31,"avoid_pass_block":44,"rating":"48%","ranking":20},
    {"team":"Chargers","position":"QB2","name":"Mark Vlasic","number":"#13","maximum_speed":13,"passing_speed":44,"pass_control":38,"avoid_pass_block":38,"rating":"42%","ranking":35},
    {"team":"Chargers","position":"RB1","name":"Marion Butts","number":"#35","running_speed":38,"maximum_speed":63,"kick_return_maximum_speed":25,"punt_return_maximum_speed":44,"hitting_power":38,"ball_control":50,"receptions":25,"rushing_rating":"69%","rushing_ranking":13,"receiving_rating":"50%","receiving_ranking":112,"kick_return_rating":"52%","kick_return_ranking":137,"punt_return_rating":"57%","punt_return_ranking":188},
    {"team":"Chargers","position":"RB2","name":"Rod Bernstine","number":"#82","running_speed":44,"maximum_speed":25,"kick_return_maximum_speed":25,"punt_return_maximum_speed":44,"hitting_power":44,"ball_control":50,"receptions":19,"rushing_rating":"35%","rushing_ranking":202,"receiving_rating":"32%","receiving_ranking":275,"kick_return_rating":"54%","kick_return_ranking":110,"punt_return_rating":"59%","punt_return_ranking":167},
    {"team":"Chargers","position":"RB3","name":"Joe Caravello","number":"#46","running_speed":38,"maximum_speed":25,"kick_return_maximum_speed":25,"punt_return_maximum_speed":44,"hitting_power":44,"ball_control":50,"receptions":25,"rushing_rating":"34%","rushing_ranking":206,"receiving_rating":"35%","receiving_ranking":258,"kick_return_rating":"52%","kick_return_ranking":159,"punt_return_rating":"57%","punt_return_ranking":193},
    {"team":"Chargers","position":"RB4","name":"Ronnie Harmon","number":"#33","running_speed":38,"maximum_speed":31,"kick_return_maximum_speed":25,"punt_return_maximum_speed":44,"hitting_power":25,"ball_control":50,"receptions":50,"rushing_rating":"41%","rushing_ranking":142,"receiving_rating":"52%","receiving_ranking":87,"kick_return_rating":"52%","kick_return_ranking":132,"punt_return_rating":"57%","punt_return_ranking":185},
    {"team":"Chargers","position":"WR1","name":"Quinn Early","number":"#87","running_speed":31,"maximum_speed":31,"kick_return_maximum_speed":25,"punt_return_maximum_speed":44,"hitting_power":13,"ball_control":50,"receptions":44,"rushing_rating":"40%","rushing_ranking":165,"receiving_rating":"48%","receiving_ranking":136,"kick_return_rating":"50%","kick_return_ranking":183,"punt_return_rating":"54%","punt_return_ranking":210},
    {"team":"Chargers","position":"WR2","name":"Anthony Miller","number":"#83","running_speed":38,"maximum_speed":44,"kick_return_maximum_speed":25,"punt_return_maximum_speed":44,"hitting_power":13,"ball_control":50,"receptions":69,"rushing_rating":"54%","rushing_ranking":49,"receiving_rating":"69%","receiving_ranking":16,"kick_return_rating":"52%","kick_return_ranking":116,"punt_return_rating":"57%","punt_return_ranking":184},
    {"team":"Chargers","position":"WR3","name":"Nate Lewis","number":"#81","running_speed":25,"maximum_speed":25,"kick_return_maximum_speed":25,"punt_return_maximum_speed":44,"hitting_power":13,"ball_control":50,"receptions":44,"rushing_rating":"33%","rushing_ranking":224,"receiving_rating":"44%","receiving_ranking":166,"kick_return_rating":"48%","kick_return_ranking":212,"punt_return_rating":"53%","punt_return_ranking":227},
    {"team":"Chargers","position":"WR4","name":"Wayne Walker","number":"#80","running_speed":31,"maximum_speed":31,"kick_return_maximum_speed":25,"punt_return_maximum_speed":44,"hitting_power":13,"ball_control":50,"receptions":44,"rushing_rating":"40%","rushing_ranking":166,"receiving_rating":"48%","receiving_ranking":137,"kick_return_rating":"50%","kick_return_ranking":184,"punt_return_rating":"54%","punt_return_ranking":211},
    {"team":"Chargers","position":"TE1","name":"Derrick Walker","number":"#89","running_speed":25,"maximum_speed":31,"kick_return_maximum_speed":25,"punt_return_maximum_speed":44,"hitting_power":50,"ball_control":50,"receptions":38,"rushing_rating":"38%","rushing_ranking":185,"receiving_rating":"43%","receiving_ranking":183,"kick_return_rating":"48%","kick_return_ranking":219,"punt_return_rating":"53%","punt_return_ranking":228},
    {"team":"Chargers","position":"TE2","name":"Arthur Cox","number":"#88","running_speed":25,"maximum_speed":19,"kick_return_maximum_speed":25,"punt_return_maximum_speed":44,"hitting_power":63,"ball_control":50,"receptions":31,"rushing_rating":"27%","rushing_ranking":267,"receiving_rating":"34%","receiving_ranking":265,"kick_return_rating":"48%","kick_return_ranking":232,"punt_return_rating":"53%","punt_return_ranking":231},
    {"team":"Chargers","position":"C","name":"Frank Cornish","number":"#63","maximum_speed":31,"hitting_power":56,"rating":"66%","ranking":50},
    {"team":"Chargers","position":"LG","name":"Courtney Hall","number":"#53","maximum_speed":38,"hitting_power":50,"rating":"69%","ranking":43},
    {"team":"Chargers","position":"RG","name":"David Richards","number":"#65","maximum_speed":25,"hitting_power":69,"rating":"68%","ranking":46},
    {"team":"Chargers","position":"LT","name":"Joel Patten","number":"#78","maximum_speed":25,"hitting_power":63,"rating":"64%","ranking":63},
    {"team":"Chargers","position":"RT","name":"B. Thompson","number":"#76","maximum_speed":25,"hitting_power":56,"rating":"60%","ranking":89},
    {"team":"Chargers","position":"RE","name":"Burt Grossman","number":"#92","running_speed":31,"rushing_power":44,"maximum_speed":50,"hitting_power":50,"pass_interceptions":19,"rating":"65%","ranking":26},
    {"team":"Chargers","position":"NT","name":"Les Miller","number":"#69","running_speed":25,"rushing_power":38,"maximum_speed":44,"hitting_power":56,"pass_interceptions":19,"rating":"63%","ranking":30},
    {"team":"Chargers","position":"LE","name":"Lee Williams","number":"#99","running_speed":31,"rushing_power":44,"maximum_speed":50,"hitting_power":56,"pass_interceptions":19,"rating":"69%","ranking":19},
    {"team":"Chargers","position":"ROLB","name":"Leslie O.Neal","number":"#91","running_speed":38,"rushing_power":50,"maximum_speed":56,"hitting_power":63,"pass_interceptions":19,"rating":"78%","ranking":13},
    {"team":"Chargers","position":"RILB","name":"Junior Seau","number":"#55","running_speed":25,"rushing_power":31,"maximum_speed":38,"hitting_power":44,"pass_interceptions":19,"rating":"53%","ranking":75},
    {"team":"Chargers","position":"LILB","name":"Gary Plummer","number":"#50","running_speed":25,"rushing_power":38,"maximum_speed":44,"hitting_power":69,"pass_interceptions":19,"rating":"68%","ranking":34},
    {"team":"Chargers","position":"LOLB","name":"Henry Rolling","number":"#57","running_speed":25,"rushing_power":31,"maximum_speed":38,"hitting_power":38,"pass_interceptions":31,"rating":"53%","ranking":71},
    {"team":"Chargers","position":"RCB","name":"Sam Seale","number":"#30","running_speed":38,"rushing_power":44,"maximum_speed":56,"hitting_power":38,"pass_interceptions":50,"rating":"68%","ranking":30},
    {"team":"Chargers","position":"LCB","name":"Gill Byrd","number":"#22","running_speed":38,"rushing_power":50,"maximum_speed":63,"hitting_power":50,"pass_interceptions":69,"rating":"83%","ranking":9},
    {"team":"Chargers","position":"FS","name":"Vencie Glenn","number":"#25","running_speed":31,"rushing_power":38,"maximum_speed":50,"hitting_power":44,"pass_interceptions":44,"rating":"60%","ranking":57},
    {"team":"Chargers","position":"SS","name":"Martin Bayless","number":"#44","running_speed":25,"rushing_power":31,"maximum_speed":44,"hitting_power":56,"pass_interceptions":44,"rating":"54%","ranking":81},
    {"team":"Chargers","position":"K","name":"John Carney","number":"#3","kicking_ability":75,"avoid_kick_block":50,"rating":"83%","ranking":5},
    {"team":"Chargers","position":"P","name":"John Kidd","number":"#10","kicking_ability":69,"avoid_kick_block":56,"rating":"80%","ranking":6}
  ]
}

