{
  "full_name": "Kansas City Chiefs",
  "short_name": "chiefs",
  "players": [
    {"team":"Chiefs","position":"QB1","name":"Steve De Berg","number":"#17","maximum_speed":6,"passing_speed":50,"pass_control":63,"avoid_pass_block":56,"rating":"57%","ranking":12},
    {"team":"Chiefs","position":"QB2","name":"Mike Elkins","number":"#10","maximum_speed":13,"passing_speed":44,"pass_control":38,"avoid_pass_block":38,"rating":"42%","ranking":36},
    {"team":"Chiefs","position":"RB1","name":"Christian Okoye","number":"#35","running_speed":63,"maximum_speed":50,"kick_return_maximum_speed":25,"punt_return_maximum_speed":44,"hitting_power":94,"ball_control":50,"receptions":19,"rushing_rating":"71%","rushing_ranking":9,"receiving_rating":"50%","receiving_ranking":111,"kick_return_rating":"70%","kick_return_ranking":24,"punt_return_rating":"75%","punt_return_ranking":27},
    {"team":"Chiefs","position":"RB2","name":"Barry Word","number":"#23","running_speed":50,"maximum_speed":31,"kick_return_maximum_speed":25,"punt_return_maximum_speed":44,"hitting_power":75,"ball_control":50,"receptions":19,"rushing_rating":"45%","rushing_ranking":134,"receiving_rating":"37%","receiving_ranking":235,"kick_return_rating":"60%","kick_return_ranking":56,"punt_return_rating":"65%","punt_return_ranking":96},
    {"team":"Chiefs","position":"RB3","name":"Todd Mcnair","number":"#48","running_speed":38,"maximum_speed":38,"kick_return_maximum_speed":25,"punt_return_maximum_speed":44,"hitting_power":25,"ball_control":50,"receptions":44,"rushing_rating":"47%","rushing_ranking":92,"receiving_rating":"51%","receiving_ranking":94,"kick_return_rating":"52%","kick_return_ranking":133,"punt_return_rating":"57%","punt_return_ranking":186},
    {"team":"Chiefs","position":"RB4","name":"Bill Jones","number":"#43","running_speed":38,"maximum_speed":25,"kick_return_maximum_speed":25,"punt_return_maximum_speed":44,"hitting_power":38,"ball_control":50,"receptions":38,"rushing_rating":"35%","rushing_ranking":201,"receiving_rating":"43%","receiving_ranking":185,"kick_return_rating":"52%","kick_return_ranking":142,"punt_return_rating":"57%","punt_return_ranking":190},
    {"team":"Chiefs","position":"WR1","name":"Robb Thomas","number":"#81","running_speed":25,"maximum_speed":25,"kick_return_maximum_speed":25,"punt_return_maximum_speed":44,"hitting_power":13,"ball_control":50,"receptions":50,"rushing_rating":"33%","rushing_ranking":211,"receiving_rating":"48%","receiving_ranking":122,"kick_return_rating":"48%","kick_return_ranking":204,"punt_return_rating":"53%","punt_return_ranking":224},
    {"team":"Chiefs","position":"WR2","name":"Stephone Paige","number":"#83","running_speed":38,"maximum_speed":50,"kick_return_maximum_speed":25,"punt_return_maximum_speed":44,"hitting_power":13,"ball_control":50,"receptions":75,"rushing_rating":"60%","rushing_ranking":34,"receiving_rating":"75%","receiving_ranking":10,"kick_return_rating":"52%","kick_return_ranking":114,"punt_return_rating":"57%","punt_return_ranking":183},
    {"team":"Chiefs","position":"WR3","name":"J.J. Birden","number":"#88","running_speed":31,"maximum_speed":38,"kick_return_maximum_speed":25,"punt_return_maximum_speed":44,"hitting_power":13,"ball_control":50,"receptions":44,"rushing_rating":"46%","rushing_ranking":110,"receiving_rating":"50%","receiving_ranking":107,"kick_return_rating":"50%","kick_return_ranking":179,"punt_return_rating":"54%","punt_return_ranking":209},
    {"team":"Chiefs","position":"WR4","name":"Emile Harry","number":"#86","running_speed":25,"maximum_speed":25,"kick_return_maximum_speed":25,"punt_return_maximum_speed":44,"hitting_power":13,"ball_control":50,"receptions":50,"rushing_rating":"33%","rushing_ranking":212,"receiving_rating":"48%","receiving_ranking":123,"kick_return_rating":"48%","kick_return_ranking":205,"punt_return_rating":"53%","punt_return_ranking":225},
    {"team":"Chiefs","position":"TE1","name":"Alfredo Roberts","number":"#87","running_speed":25,"maximum_speed":19,"kick_return_maximum_speed":25,"punt_return_maximum_speed":44,"hitting_power":50,"ball_control":50,"receptions":31,"rushing_rating":"27%","rushing_ranking":268,"receiving_rating":"34%","receiving_ranking":266,"kick_return_rating":"48%","kick_return_ranking":233,"punt_return_rating":"53%","punt_return_ranking":232},
    {"team":"Chiefs","position":"TE2","name":"Jonathan Hayes","number":"#85","running_speed":25,"maximum_speed":19,"kick_return_maximum_speed":25,"punt_return_maximum_speed":44,"hitting_power":50,"ball_control":50,"receptions":31,"rushing_rating":"27%","rushing_ranking":269,"receiving_rating":"34%","receiving_ranking":267,"kick_return_rating":"48%","kick_return_ranking":234,"punt_return_rating":"53%","punt_return_ranking":233},
    {"team":"Chiefs","position":"C","name":"Mike Webster","number":"#53","maximum_speed":38,"hitting_power":69,"rating":"81%","ranking":13},
    {"team":"Chiefs","position":"LG","name":"David Szott","number":"#79","maximum_speed":38,"hitting_power":50,"rating":"69%","ranking":44},
    {"team":"Chiefs","position":"RG","name":"David Lutz","number":"#72","maximum_speed":25,"hitting_power":56,"rating":"60%","ranking":90},
    {"team":"Chiefs","position":"LT","name":"John Alt","number":"#76","maximum_speed":19,"hitting_power":81,"rating":"69%","ranking":41},
    {"team":"Chiefs","position":"RT","name":"Rich Baldinger","number":"#77","maximum_speed":25,"hitting_power":69,"rating":"68%","ranking":47},
    {"team":"Chiefs","position":"RE","name":"Bill Maas","number":"#63","running_speed":25,"rushing_power":38,"maximum_speed":44,"hitting_power":44,"pass_interceptions":19,"rating":"57%","ranking":45},
    {"team":"Chiefs","position":"NT","name":"Dan Saleaumua","number":"#97","running_speed":38,"rushing_power":31,"maximum_speed":25,"hitting_power":56,"pass_interceptions":19,"rating":"60%","ranking":35},
    {"team":"Chiefs","position":"LE","name":"Neil Smith","number":"#90","running_speed":31,"rushing_power":44,"maximum_speed":50,"hitting_power":63,"pass_interceptions":19,"rating":"72%","ranking":14},
    {"team":"Chiefs","position":"ROLB","name":"Derrick Thomas","number":"#58","running_speed":44,"rushing_power":56,"maximum_speed":63,"hitting_power":69,"pass_interceptions":19,"rating":"86%","ranking":2},
    {"team":"Chiefs","position":"RILB","name":"Dino Hackett","number":"#56","running_speed":31,"rushing_power":44,"maximum_speed":50,"hitting_power":63,"pass_interceptions":19,"rating":"72%","ranking":26},
    {"team":"Chiefs","position":"LILB","name":"Percy Snow","number":"#59","running_speed":38,"rushing_power":50,"maximum_speed":56,"hitting_power":56,"pass_interceptions":31,"rating":"78%","ranking":11},
    {"team":"Chiefs","position":"LOLB","name":"Chris Martin","number":"#57","running_speed":25,"rushing_power":38,"maximum_speed":44,"hitting_power":50,"pass_interceptions":19,"rating":"60%","ranking":43},
    {"team":"Chiefs","position":"RCB","name":"Kevin Ross","number":"#31","running_speed":31,"rushing_power":38,"maximum_speed":50,"hitting_power":44,"pass_interceptions":56,"rating":"65%","ranking":36},
    {"team":"Chiefs","position":"LCB","name":"Albert Lewis","number":"#29","running_speed":31,"rushing_power":38,"maximum_speed":50,"hitting_power":56,"pass_interceptions":50,"rating":"63%","ranking":42},
    {"team":"Chiefs","position":"FS","name":"Deron Cherry","number":"#20","running_speed":25,"rushing_power":31,"maximum_speed":44,"hitting_power":38,"pass_interceptions":50,"rating":"56%","ranking":73},
    {"team":"Chiefs","position":"SS","name":"Kevin Porter","number":"#27","running_speed":25,"rushing_power":31,"maximum_speed":44,"hitting_power":38,"pass_interceptions":38,"rating":"50%","ranking":97},
    {"team":"Chiefs","position":"K","name":"Nick Lowery","number":"#8","kicking_ability":81,"avoid_kick_block":81,"rating":"100%","ranking":1},
    {"team":"Chiefs","position":"P","name":"Bryan Barker","number":"#4","kicking_ability":31,"avoid_kick_block":63,"rating":"50%","ranking":18}
  ]
}

