{
  "full_name": "Indianapolis Colts",
  "short_name": "colts",
  "players": [
    {"team":"Colts","position":"QB2","name":"Jack Trudeau","number":"#10","maximum_speed":13,"passing_speed":31,"pass_control":38,"avoid_pass_block":50,"rating":"40%","ranking":49},
    {"team":"Colts","position":"QB1","name":"Jeff George","number":"#11","maximum_speed":6,"passing_speed":50,"pass_control":31,"avoid_pass_block":25,"rating":"36%","ranking":54},
    {"team":"Colts","position":"RB1","name":"Ivy Joe Hunter","number":"#45","running_speed":38,"maximum_speed":31,"kick_return_maximum_speed":19,"punt_return_maximum_speed":44,"hitting_power":50,"ball_control":50,"receptions":25,"rushing_rating":"40%","rushing_ranking":175,"receiving_rating":"37%","receiving_ranking":238,"kick_return_rating":"44%","kick_return_ranking":256,"punt_return_rating":"57%","punt_return_ranking":202},
    {"team":"Colts","position":"RB2","name":"Albert Bentley","number":"#20","running_speed":38,"maximum_speed":44,"kick_return_maximum_speed":19,"punt_return_maximum_speed":44,"hitting_power":31,"ball_control":50,"receptions":63,"rushing_rating":"54%","rushing_ranking":53,"receiving_rating":"66%","receiving_ranking":33,"kick_return_rating":"44%","kick_return_ranking":249,"punt_return_rating":"57%","punt_return_ranking":197},
    {"team":"Colts","position":"RB3","name":"Anthony Johnson","number":"#23","running_speed":38,"maximum_speed":31,"kick_return_maximum_speed":19,"punt_return_maximum_speed":44,"hitting_power":25,"ball_control":50,"receptions":25,"rushing_rating":"40%","rushing_ranking":176,"receiving_rating":"37%","receiving_ranking":239,"kick_return_rating":"44%","kick_return_ranking":257,"punt_return_rating":"57%","punt_return_ranking":203},
    {"team":"Colts","position":"RB4","name":"Ken Clark","number":"#32","running_speed":38,"maximum_speed":38,"kick_return_maximum_speed":19,"punt_return_maximum_speed":44,"hitting_power":25,"ball_control":50,"receptions":25,"rushing_rating":"46%","rushing_ranking":117,"receiving_rating":"40%","receiving_ranking":213,"kick_return_rating":"44%","kick_return_ranking":253,"punt_return_rating":"57%","punt_return_ranking":201},
    {"team":"Colts","position":"WR1","name":"Bill Brooks","number":"#80","running_speed":38,"maximum_speed":38,"kick_return_maximum_speed":19,"punt_return_maximum_speed":44,"hitting_power":13,"ball_control":50,"receptions":69,"rushing_rating":"49%","rushing_ranking":81,"receiving_rating":"67%","receiving_ranking":28,"kick_return_rating":"44%","kick_return_ranking":248,"punt_return_rating":"57%","punt_return_ranking":196},
    {"team":"Colts","position":"WR2","name":"Jessie Hester","number":"#84","running_speed":44,"maximum_speed":38,"kick_return_maximum_speed":19,"punt_return_maximum_speed":44,"hitting_power":13,"ball_control":50,"receptions":63,"rushing_rating":"49%","rushing_ranking":78,"receiving_rating":"64%","receiving_ranking":36,"kick_return_rating":"46%","kick_return_ranking":244,"punt_return_rating":"59%","punt_return_ranking":168},
    {"team":"Colts","position":"WR3","name":"Clarence Verdin","number":"#83","running_speed":38,"maximum_speed":38,"kick_return_maximum_speed":19,"punt_return_maximum_speed":44,"hitting_power":13,"ball_control":50,"receptions":44,"rushing_rating":"47%","rushing_ranking":93,"receiving_rating":"51%","receiving_ranking":95,"kick_return_rating":"44%","kick_return_ranking":250,"punt_return_rating":"57%","punt_return_ranking":198},
    {"team":"Colts","position":"WR4","name":"Stanley Morgan","number":"#88","running_speed":25,"maximum_speed":25,"kick_return_maximum_speed":19,"punt_return_maximum_speed":44,"hitting_power":13,"ball_control":50,"receptions":44,"rushing_rating":"33%","rushing_ranking":225,"receiving_rating":"44%","receiving_ranking":167,"kick_return_rating":"40%","kick_return_ranking":273,"punt_return_rating":"53%","punt_return_ranking":237},
    {"team":"Colts","position":"TE1","name":"Pat Beach","number":"#81","running_speed":25,"maximum_speed":25,"kick_return_maximum_speed":19,"punt_return_maximum_speed":44,"hitting_power":50,"ball_control":50,"receptions":38,"rushing_rating":"33%","rushing_ranking":235,"receiving_rating":"41%","receiving_ranking":207,"kick_return_rating":"40%","kick_return_ranking":277,"punt_return_rating":"53%","punt_return_ranking":239},
    {"team":"Colts","position":"TE2","name":"Orson Mobley","number":"#89","running_speed":25,"maximum_speed":19,"kick_return_maximum_speed":19,"punt_return_maximum_speed":44,"hitting_power":50,"ball_control":50,"receptions":31,"rushing_rating":"27%","rushing_ranking":270,"receiving_rating":"34%","receiving_ranking":268,"kick_return_rating":"40%","kick_return_ranking":280,"punt_return_rating":"53%","punt_return_ranking":241},
    {"team":"Colts","position":"C","name":"Ray Donaldson","number":"#53","maximum_speed":25,"hitting_power":50,"rating":"56%","ranking":110},
    {"team":"Colts","position":"LG","name":"Randy Dixon","number":"#69","maximum_speed":25,"hitting_power":50,"rating":"56%","ranking":111},
    {"team":"Colts","position":"RG","name":"Brian Baldinger","number":"#62","maximum_speed":38,"hitting_power":38,"rating":"61%","ranking":80},
    {"team":"Colts","position":"LT","name":"Zefross Moss","number":"#73","maximum_speed":19,"hitting_power":63,"rating":"58%","ranking":101},
    {"team":"Colts","position":"RT","name":"Kevin Call","number":"#71","maximum_speed":19,"hitting_power":56,"rating":"54%","ranking":129},
    {"team":"Colts","position":"RE","name":"Jon Hand","number":"#78","running_speed":25,"rushing_power":31,"maximum_speed":31,"hitting_power":56,"pass_interceptions":19,"rating":"58%","ranking":41},
    {"team":"Colts","position":"NT","name":"Harvey Armstrong","number":"#79","running_speed":25,"rushing_power":31,"maximum_speed":25,"hitting_power":50,"pass_interceptions":19,"rating":"54%","ranking":68},
    {"team":"Colts","position":"LE","name":"Sam Clancy","number":"#76","running_speed":25,"rushing_power":31,"maximum_speed":38,"hitting_power":50,"pass_interceptions":19,"rating":"56%","ranking":54},
    {"team":"Colts","position":"ROLB","name":"Duane Bickett","number":"#50","running_speed":25,"rushing_power":31,"maximum_speed":38,"hitting_power":50,"pass_interceptions":25,"rating":"57%","ranking":54},
    {"team":"Colts","position":"RILB","name":"Fredd Young","number":"#56","running_speed":25,"rushing_power":31,"maximum_speed":31,"hitting_power":31,"pass_interceptions":25,"rating":"48%","ranking":102},
    {"team":"Colts","position":"LILB","name":"Jeff Herrod","number":"#54","running_speed":25,"rushing_power":31,"maximum_speed":31,"hitting_power":44,"pass_interceptions":25,"rating":"53%","ranking":73},
    {"team":"Colts","position":"LOLB","name":"Chip Banks","number":"#51","running_speed":25,"rushing_power":31,"maximum_speed":31,"hitting_power":44,"pass_interceptions":25,"rating":"53%","ranking":72},
    {"team":"Colts","position":"RCB","name":"Eugene Daniel","number":"#38","running_speed":25,"rushing_power":31,"maximum_speed":38,"hitting_power":38,"pass_interceptions":31,"rating":"46%","ranking":109},
    {"team":"Colts","position":"LCB","name":"Chris Goode","number":"#37","running_speed":25,"rushing_power":31,"maximum_speed":38,"hitting_power":38,"pass_interceptions":31,"rating":"46%","ranking":110},
    {"team":"Colts","position":"FS","name":"Mike Prior","number":"#39","running_speed":25,"rushing_power":31,"maximum_speed":38,"hitting_power":44,"pass_interceptions":44,"rating":"53%","ranking":87},
    {"team":"Colts","position":"SS","name":"Keith Taylor","number":"#27","running_speed":25,"rushing_power":31,"maximum_speed":44,"hitting_power":38,"pass_interceptions":38,"rating":"50%","ranking":98},
    {"team":"Colts","position":"K","name":"Dean Biasucci","number":"#4","kicking_ability":38,"avoid_kick_block":38,"rating":"47%","ranking":22},
    {"team":"Colts","position":"P","name":"Rohn Stark","number":"#3","kicking_ability":75,"avoid_kick_block":56,"rating":"86%","ranking":5}
  ]
}


