{
  "full_name": "Dallas Cowboys",
  "short_name": "cowboys",
  "players": [
    {"team":"Cowboys","position":"QB1","name":"Troy Aikman","number":"#8","maximum_speed":13,"passing_speed":50,"pass_control":44,"avoid_pass_block":50,"rating":"48%","ranking":18},
    {"team":"Cowboys","position":"QB2","name":"Babe Laufenberg","number":"#15","maximum_speed":13,"passing_speed":44,"pass_control":38,"avoid_pass_block":38,"rating":"42%","ranking":37},
    {"team":"Cowboys","position":"RB1","name":"Emmitt Smith","number":"#22","running_speed":38,"maximum_speed":56,"kick_return_maximum_speed":25,"punt_return_maximum_speed":50,"hitting_power":31,"ball_control":50,"receptions":38,"rushing_rating":"64%","rushing_ranking":27,"receiving_rating":"55%","receiving_ranking":74,"kick_return_rating":"52%","kick_return_ranking":129,"punt_return_rating":"63%","punt_return_ranking":109},
    {"team":"Cowboys","position":"RB2","name":"Tommie Agee","number":"#34","running_speed":38,"maximum_speed":25,"kick_return_maximum_speed":25,"punt_return_maximum_speed":50,"hitting_power":44,"ball_control":50,"receptions":44,"rushing_rating":"35%","rushing_ranking":192,"receiving_rating":"46%","receiving_ranking":146,"kick_return_rating":"52%","kick_return_ranking":139,"punt_return_rating":"63%","punt_return_ranking":111},
    {"team":"Cowboys","position":"RB3","name":"Alonzo Highsmith","number":"#32","running_speed":38,"maximum_speed":38,"kick_return_maximum_speed":25,"punt_return_maximum_speed":50,"hitting_power":38,"ball_control":50,"receptions":44,"rushing_rating":"47%","rushing_ranking":94,"receiving_rating":"51%","receiving_ranking":96,"kick_return_rating":"52%","kick_return_ranking":134,"punt_return_rating":"63%","punt_return_ranking":110},
    {"team":"Cowboys","position":"RB4","name":"Robert Perryman","number":"#39","running_speed":38,"maximum_speed":31,"kick_return_maximum_speed":25,"punt_return_maximum_speed":50,"hitting_power":38,"ball_control":50,"receptions":25,"rushing_rating":"40%","rushing_ranking":177,"receiving_rating":"37%","receiving_ranking":240,"kick_return_rating":"52%","kick_return_ranking":155,"punt_return_rating":"63%","punt_return_ranking":116},
    {"team":"Cowboys","position":"WR1","name":"Kelvin Martin","number":"#83","running_speed":31,"maximum_speed":38,"kick_return_maximum_speed":25,"punt_return_maximum_speed":50,"hitting_power":13,"ball_control":50,"receptions":56,"rushing_rating":"47%","rushing_ranking":101,"receiving_rating":"58%","receiving_ranking":60,"kick_return_rating":"50%","kick_return_ranking":171,"punt_return_rating":"61%","punt_return_ranking":123},
    {"team":"Cowboys","position":"WR2","name":"Michael Irvin","number":"#88","running_speed":38,"maximum_speed":44,"kick_return_maximum_speed":25,"punt_return_maximum_speed":50,"hitting_power":13,"ball_control":50,"receptions":50,"rushing_rating":"53%","rushing_ranking":58,"receiving_rating":"58%","receiving_ranking":64,"kick_return_rating":"52%","kick_return_ranking":127,"punt_return_rating":"63%","punt_return_ranking":108},
    {"team":"Cowboys","position":"WR3","name":"Alexander Wright","number":"#81","running_speed":25,"maximum_speed":25,"kick_return_maximum_speed":25,"punt_return_maximum_speed":50,"hitting_power":13,"ball_control":50,"receptions":44,"rushing_rating":"33%","rushing_ranking":226,"receiving_rating":"44%","receiving_ranking":168,"kick_return_rating":"48%","kick_return_ranking":213,"punt_return_rating":"59%","punt_return_ranking":145},
    {"team":"Cowboys","position":"WR4","name":"James Dixon","number":"#86","running_speed":31,"maximum_speed":31,"kick_return_maximum_speed":25,"punt_return_maximum_speed":50,"hitting_power":13,"ball_control":50,"receptions":44,"rushing_rating":"40%","rushing_ranking":167,"receiving_rating":"48%","receiving_ranking":138,"kick_return_rating":"50%","kick_return_ranking":185,"punt_return_rating":"61%","punt_return_ranking":128},
    {"team":"Cowboys","position":"TE1","name":"Jay Novacek","number":"#84","running_speed":25,"maximum_speed":44,"kick_return_maximum_speed":25,"punt_return_maximum_speed":50,"hitting_power":69,"ball_control":50,"receptions":69,"rushing_rating":"52%","rushing_ranking":63,"receiving_rating":"67%","receiving_ranking":26,"kick_return_rating":"48%","kick_return_ranking":190,"punt_return_rating":"59%","punt_return_ranking":142},
    {"team":"Cowboys","position":"TE2","name":"Rob Awalt","number":"#89","running_speed":25,"maximum_speed":19,"kick_return_maximum_speed":25,"punt_return_maximum_speed":50,"hitting_power":56,"ball_control":50,"receptions":31,"rushing_rating":"27%","rushing_ranking":271,"receiving_rating":"34%","receiving_ranking":269,"kick_return_rating":"48%","kick_return_ranking":235,"punt_return_rating":"59%","punt_return_ranking":150},
    {"team":"Cowboys","position":"C","name":"Mark Stepnoski","number":"#53","maximum_speed":38,"hitting_power":38,"rating":"61%","ranking":81},
    {"team":"Cowboys","position":"LG","name":"Crawford Ker","number":"#68","maximum_speed":31,"hitting_power":50,"rating":"62%","ranking":70},
    {"team":"Cowboys","position":"RG","name":"John Gesek","number":"#67","maximum_speed":31,"hitting_power":44,"rating":"58%","ranking":96},
    {"team":"Cowboys","position":"LT","name":"Kevin Gogan","number":"#66","maximum_speed":19,"hitting_power":56,"rating":"54%","ranking":130},
    {"team":"Cowboys","position":"RT","name":"Nate Newton","number":"#61","maximum_speed":25,"hitting_power":75,"rating":"71%","ranking":33},
    {"team":"Cowboys","position":"RE","name":"Tony Tolbert","number":"#92","running_speed":25,"rushing_power":31,"maximum_speed":38,"hitting_power":50,"pass_interceptions":19,"rating":"56%","ranking":55},
    {"team":"Cowboys","position":"NT","name":"Danny Noonan","number":"#73","running_speed":25,"rushing_power":38,"maximum_speed":44,"hitting_power":50,"pass_interceptions":19,"rating":"60%","ranking":31},
    {"team":"Cowboys","position":"LE","name":"Daniel Stubbs","number":"#96","running_speed":31,"rushing_power":38,"maximum_speed":50,"hitting_power":56,"pass_interceptions":19,"rating":"66%","ranking":24},
    {"team":"Cowboys","position":"ROLB","name":"Ken Norton","number":"#51","running_speed":25,"rushing_power":38,"maximum_speed":44,"hitting_power":38,"pass_interceptions":31,"rating":"58%","ranking":47},
    {"team":"Cowboys","position":"RILB","name":"Eugene Lockhart","number":"#56","running_speed":31,"rushing_power":44,"maximum_speed":50,"hitting_power":56,"pass_interceptions":19,"rating":"69%","ranking":32},
    {"team":"Cowboys","position":"LILB","name":"Jimmie Jones","number":"#97","running_speed":31,"rushing_power":31,"maximum_speed":50,"hitting_power":56,"pass_interceptions":19,"rating":"61%","ranking":42},
    {"team":"Cowboys","position":"LOLB","name":"Jack Del Rio","number":"#55","running_speed":25,"rushing_power":31,"maximum_speed":38,"hitting_power":38,"pass_interceptions":19,"rating":"50%","ranking":87},
    {"team":"Cowboys","position":"RCB","name":"Manny Hendrix","number":"#45","running_speed":38,"rushing_power":50,"maximum_speed":63,"hitting_power":50,"pass_interceptions":44,"rating":"70%","ranking":25},
    {"team":"Cowboys","position":"LCB","name":"Issiac Holt","number":"#30","running_speed":38,"rushing_power":44,"maximum_speed":56,"hitting_power":56,"pass_interceptions":50,"rating":"69%","ranking":27},
    {"team":"Cowboys","position":"FS","name":"Ray Horton","number":"#20","running_speed":31,"rushing_power":38,"maximum_speed":50,"hitting_power":56,"pass_interceptions":44,"rating":"60%","ranking":53},
    {"team":"Cowboys","position":"SS","name":"James Washington","number":"#37","running_speed":31,"rushing_power":38,"maximum_speed":50,"hitting_power":50,"pass_interceptions":50,"rating":"63%","ranking":44},
    {"team":"Cowboys","position":"K","name":"Ken Willis","number":"#1","kicking_ability":44,"avoid_kick_block":44,"rating":"54%","ranking":18},
    {"team":"Cowboys","position":"P","name":"Mike Saxon","number":"#4","kicking_ability":56,"avoid_kick_block":75,"rating":"76%","ranking":10}
  ]
}

