[{"team":"Bills","position":"RE","name":"Bruce Smith","number":"#78","running_speed":44,"rushing_power":56,"maximum_speed":69,"hitting_power":75,"pass_interceptions":25,"rating":"91%","ranking":1},
{"team":"Eagles","position":"LE","name":"Reggie White","number":"#92","running_speed":38,"rushing_power":50,"maximum_speed":56,"hitting_power":69,"pass_interceptions":31,"rating":"82%","ranking":2},
{"team":"Raiders","position":"LE","name":"Howie Long","number":"#75","running_speed":38,"rushing_power":50,"maximum_speed":56,"hitting_power":69,"pass_interceptions":31,"rating":"82%","ranking":3},
{"team":"Raiders","position":"RE","name":"Greg Townsend","number":"#93","running_speed":38,"rushing_power":50,"maximum_speed":56,"hitting_power":63,"pass_interceptions":31,"rating":"79%","ranking":4},
{"team":"Packers","position":"NT","name":"Bob Nelson","number":"#79","running_speed":25,"rushing_power":69,"maximum_speed":38,"hitting_power":56,"pass_interceptions":19,"rating":"78%","ranking":5},
{"team":"Vikings","position":"RE","name":"Chris Doleman","number":"#56","running_speed":31,"rushing_power":44,"maximum_speed":50,"hitting_power":69,"pass_interceptions":31,"rating":"77%","ranking":6},
{"team":"49ers","position":"LE","name":"Pierce Holt","number":"#78","running_speed":31,"rushing_power":44,"maximum_speed":50,"hitting_power":69,"pass_interceptions":19,"rating":"76%","ranking":7},
{"team":"Patriots","position":"LE","name":"Ray Agnew","number":"#92","running_speed":38,"rushing_power":50,"maximum_speed":56,"hitting_power":56,"pass_interceptions":31,"rating":"76%","ranking":8},
{"team":"Bears","position":"RE","name":"Richard Dent","number":"#95","running_speed":31,"rushing_power":44,"maximum_speed":50,"hitting_power":63,"pass_interceptions":44,"rating":"75%","ranking":9},
{"team":"Seahawks","position":"LE","name":"Jacob Green","number":"#79","running_speed":38,"rushing_power":50,"maximum_speed":63,"hitting_power":56,"pass_interceptions":19,"rating":"75%","ranking":10},
{"team":"Lions","position":"NT","name":"Jerry Ball","number":"#93","running_speed":31,"rushing_power":44,"maximum_speed":44,"hitting_power":69,"pass_interceptions":19,"rating":"75%","ranking":11},
{"team":"Oilers","position":"RE","name":"Sean Jones","number":"#96","running_speed":38,"rushing_power":50,"maximum_speed":56,"hitting_power":56,"pass_interceptions":19,"rating":"74%","ranking":12},
{"team":"Bears","position":"LE","name":"Trace Armstrong","number":"#93","running_speed":31,"rushing_power":44,"maximum_speed":50,"hitting_power":63,"pass_interceptions":19,"rating":"72%","ranking":13},
{"team":"Chiefs","position":"LE","name":"Neil Smith","number":"#90","running_speed":31,"rushing_power":44,"maximum_speed":50,"hitting_power":63,"pass_interceptions":19,"rating":"72%","ranking":14},
{"team":"Saints","position":"RE","name":"Renaldo Turnbull","number":"#97","running_speed":31,"rushing_power":44,"maximum_speed":50,"hitting_power":63,"pass_interceptions":19,"rating":"72%","ranking":15},
{"team":"Dolphins","position":"RE","name":"Jeff Cross","number":"#91","running_speed":38,"rushing_power":50,"maximum_speed":56,"hitting_power":50,"pass_interceptions":19,"rating":"71%","ranking":16},
{"team":"Steelers","position":"NT","name":"Gerald Williams","number":"#98","running_speed":38,"rushing_power":44,"maximum_speed":50,"hitting_power":56,"pass_interceptions":19,"rating":"70%","ranking":17},
{"team":"Cardinals","position":"LE","name":"Freddie Joe Nunn","number":"#78","running_speed":31,"rushing_power":44,"maximum_speed":50,"hitting_power":56,"pass_interceptions":19,"rating":"69%","ranking":18},
{"team":"Chargers","position":"LE","name":"Lee Williams","number":"#99","running_speed":31,"rushing_power":44,"maximum_speed":50,"hitting_power":56,"pass_interceptions":19,"rating":"69%","ranking":19},
{"team":"Redskins","position":"LE","name":"Charles Mann","number":"#71","running_speed":31,"rushing_power":44,"maximum_speed":50,"hitting_power":56,"pass_interceptions":19,"rating":"69%","ranking":20},
{"team":"Saints","position":"NT","name":"Jim Wilks","number":"#94","running_speed":31,"rushing_power":44,"maximum_speed":50,"hitting_power":56,"pass_interceptions":19,"rating":"69%","ranking":21},
{"team":"Bears","position":"NT","name":"William Perry","number":"#72","running_speed":38,"rushing_power":31,"maximum_speed":19,"hitting_power":69,"pass_interceptions":19,"rating":"66%","ranking":22},
{"team":"49ers","position":"NT","name":"Michael Carter","number":"#95","running_speed":25,"rushing_power":31,"maximum_speed":38,"hitting_power":69,"pass_interceptions":19,"rating":"66%","ranking":23},
{"team":"Cowboys","position":"LE","name":"Daniel Stubbs","number":"#96","running_speed":31,"rushing_power":38,"maximum_speed":50,"hitting_power":56,"pass_interceptions":19,"rating":"66%","ranking":24},
{"team":"Raiders","position":"NT","name":"Bob Golic","number":"#79","running_speed":25,"rushing_power":31,"maximum_speed":31,"hitting_power":69,"pass_interceptions":25,"rating":"66%","ranking":25},
{"team":"Chargers","position":"RE","name":"Burt Grossman","number":"#92","running_speed":31,"rushing_power":44,"maximum_speed":50,"hitting_power":50,"pass_interceptions":19,"rating":"65%","ranking":26},
{"team":"Eagles","position":"RE","name":"Clyde Simmons","number":"#96","running_speed":31,"rushing_power":44,"maximum_speed":50,"hitting_power":50,"pass_interceptions":19,"rating":"65%","ranking":27},
{"team":"Falcons","position":"LE","name":"Mike Gann","number":"#76","running_speed":31,"rushing_power":44,"maximum_speed":50,"hitting_power":50,"pass_interceptions":19,"rating":"65%","ranking":28},
{"team":"Oilers","position":"LE","name":"William Fuller","number":"#95","running_speed":25,"rushing_power":38,"maximum_speed":50,"hitting_power":56,"pass_interceptions":19,"rating":"64%","ranking":29},
{"team":"Chargers","position":"NT","name":"Les Miller","number":"#69","running_speed":25,"rushing_power":38,"maximum_speed":44,"hitting_power":56,"pass_interceptions":19,"rating":"63%","ranking":30},
{"team":"Cowboys","position":"NT","name":"Danny Noonan","number":"#73","running_speed":25,"rushing_power":38,"maximum_speed":44,"hitting_power":50,"pass_interceptions":19,"rating":"60%","ranking":31},
{"team":"Seahawks","position":"RE","name":"Tony Woods","number":"#57","running_speed":25,"rushing_power":38,"maximum_speed":44,"hitting_power":50,"pass_interceptions":19,"rating":"60%","ranking":32},
{"team":"Steelers","position":"RE","name":"Donald Evans","number":"#66","running_speed":25,"rushing_power":38,"maximum_speed":44,"hitting_power":50,"pass_interceptions":19,"rating":"60%","ranking":33},
{"team":"Vikings","position":"NT","name":"Henry Thomas","number":"#97","running_speed":25,"rushing_power":38,"maximum_speed":44,"hitting_power":50,"pass_interceptions":19,"rating":"60%","ranking":34},
{"team":"Chiefs","position":"NT","name":"Dan Saleaumua","number":"#97","running_speed":38,"rushing_power":31,"maximum_speed":25,"hitting_power":56,"pass_interceptions":19,"rating":"60%","ranking":35},
{"team":"Falcons","position":"NT","name":"Tory Epps","number":"#97","running_speed":25,"rushing_power":31,"maximum_speed":38,"hitting_power":56,"pass_interceptions":19,"rating":"59%","ranking":36},
{"team":"Giants","position":"RE","name":"Leonard Marshall","number":"#70","running_speed":25,"rushing_power":31,"maximum_speed":38,"hitting_power":56,"pass_interceptions":19,"rating":"59%","ranking":37},
{"team":"Lions","position":"RE","name":"Dan Owens","number":"#70","running_speed":25,"rushing_power":31,"maximum_speed":38,"hitting_power":56,"pass_interceptions":19,"rating":"59%","ranking":38},
{"team":"Buccaneers","position":"LE","name":"Rueben Davis","number":"#79","running_speed":25,"rushing_power":38,"maximum_speed":31,"hitting_power":50,"pass_interceptions":19,"rating":"58%","ranking":39},
{"team":"Browns","position":"NT","name":"Chris Pike","number":"#75","running_speed":25,"rushing_power":31,"maximum_speed":31,"hitting_power":56,"pass_interceptions":19,"rating":"58%","ranking":40},
{"team":"Colts","position":"RE","name":"Jon Hand","number":"#78","running_speed":25,"rushing_power":31,"maximum_speed":31,"hitting_power":56,"pass_interceptions":19,"rating":"58%","ranking":41},
{"team":"Dolphins","position":"NT","name":"Shawn Lee","number":"#98","running_speed":25,"rushing_power":31,"maximum_speed":31,"hitting_power":56,"pass_interceptions":19,"rating":"58%","ranking":42},
{"team":"Eagles","position":"NT","name":"Mike Golic","number":"#90","running_speed":25,"rushing_power":31,"maximum_speed":38,"hitting_power":50,"pass_interceptions":31,"rating":"57%","ranking":43},
{"team":"Vikings","position":"LE","name":"Al Noga","number":"#99","running_speed":25,"rushing_power":31,"maximum_speed":38,"hitting_power":50,"pass_interceptions":31,"rating":"57%","ranking":44},
{"team":"Chiefs","position":"RE","name":"Bill Maas","number":"#63","running_speed":25,"rushing_power":38,"maximum_speed":44,"hitting_power":44,"pass_interceptions":19,"rating":"57%","ranking":45},
{"team":"Redskins","position":"RE","name":"Markus Koch","number":"#74","running_speed":25,"rushing_power":38,"maximum_speed":44,"hitting_power":44,"pass_interceptions":19,"rating":"57%","ranking":46},
{"team":"Steelers","position":"LE","name":"Keith Willis","number":"#93","running_speed":25,"rushing_power":38,"maximum_speed":44,"hitting_power":44,"pass_interceptions":19,"rating":"57%","ranking":47},
{"team":"49ers","position":"RE","name":"Kevin Fagan","number":"#75","running_speed":25,"rushing_power":31,"maximum_speed":38,"hitting_power":50,"pass_interceptions":19,"rating":"56%","ranking":48},
{"team":"Bengals","position":"RE","name":"Jason Buck","number":"#99","running_speed":25,"rushing_power":31,"maximum_speed":38,"hitting_power":50,"pass_interceptions":19,"rating":"56%","ranking":49},
{"team":"Broncos","position":"LE","name":"Warren Powers","number":"#91","running_speed":25,"rushing_power":31,"maximum_speed":38,"hitting_power":50,"pass_interceptions":19,"rating":"56%","ranking":50},
{"team":"Browns","position":"RE","name":"Robert Banks","number":"#97","running_speed":25,"rushing_power":31,"maximum_speed":38,"hitting_power":50,"pass_interceptions":19,"rating":"56%","ranking":51},
{"team":"Browns","position":"LE","name":"Al Baker","number":"#60","running_speed":25,"rushing_power":31,"maximum_speed":38,"hitting_power":50,"pass_interceptions":19,"rating":"56%","ranking":52},
{"team":"Cardinals","position":"RE","name":"Rod Saddler","number":"#72","running_speed":25,"rushing_power":31,"maximum_speed":38,"hitting_power":50,"pass_interceptions":19,"rating":"56%","ranking":53},
{"team":"Colts","position":"LE","name":"Sam Clancy","number":"#76","running_speed":25,"rushing_power":31,"maximum_speed":38,"hitting_power":50,"pass_interceptions":19,"rating":"56%","ranking":54},
{"team":"Cowboys","position":"RE","name":"Tony Tolbert","number":"#92","running_speed":25,"rushing_power":31,"maximum_speed":38,"hitting_power":50,"pass_interceptions":19,"rating":"56%","ranking":55},
{"team":"Dolphins","position":"LE","name":"Karl Wilson","number":"#77","running_speed":25,"rushing_power":31,"maximum_speed":38,"hitting_power":50,"pass_interceptions":19,"rating":"56%","ranking":56},
{"team":"Falcons","position":"RE","name":"Tim Green","number":"#99","running_speed":25,"rushing_power":31,"maximum_speed":38,"hitting_power":50,"pass_interceptions":19,"rating":"56%","ranking":57},
{"team":"Giants","position":"NT","name":"Erik Howard","number":"#74","running_speed":25,"rushing_power":31,"maximum_speed":38,"hitting_power":50,"pass_interceptions":19,"rating":"56%","ranking":58},
{"team":"Giants","position":"LE","name":"Eric Dorsey","number":"#77","running_speed":25,"rushing_power":31,"maximum_speed":38,"hitting_power":50,"pass_interceptions":19,"rating":"56%","ranking":59},
{"team":"Jets","position":"LE","name":"Ron Stallworth","number":"#96","running_speed":25,"rushing_power":31,"maximum_speed":38,"hitting_power":50,"pass_interceptions":19,"rating":"56%","ranking":60},
{"team":"Oilers","position":"NT","name":"Doug Smith","number":"#99","running_speed":25,"rushing_power":31,"maximum_speed":38,"hitting_power":50,"pass_interceptions":19,"rating":"56%","ranking":61},
{"team":"Rams","position":"NT","name":"Alvin Wright","number":"#99","running_speed":25,"rushing_power":31,"maximum_speed":38,"hitting_power":50,"pass_interceptions":19,"rating":"56%","ranking":62},
{"team":"Redskins","position":"NT","name":"Darryl Grant","number":"#77","running_speed":25,"rushing_power":31,"maximum_speed":38,"hitting_power":50,"pass_interceptions":19,"rating":"56%","ranking":63},
{"team":"Bills","position":"NT","name":"Jeff Wright","number":"#91","running_speed":25,"rushing_power":31,"maximum_speed":31,"hitting_power":50,"pass_interceptions":19,"rating":"55%","ranking":64},
{"team":"Buccaneers","position":"NT","name":"Tim Newton","number":"#96","running_speed":25,"rushing_power":31,"maximum_speed":31,"hitting_power":50,"pass_interceptions":19,"rating":"55%","ranking":65},
{"team":"Patriots","position":"RE","name":"Garin Veris","number":"#60","running_speed":25,"rushing_power":31,"maximum_speed":31,"hitting_power":50,"pass_interceptions":19,"rating":"55%","ranking":66},
{"team":"Bills","position":"LE","name":"Leon Seals","number":"#96","running_speed":25,"rushing_power":31,"maximum_speed":38,"hitting_power":44,"pass_interceptions":31,"rating":"54%","ranking":67},
{"team":"Colts","position":"NT","name":"Harvey Armstrong","number":"#79","running_speed":25,"rushing_power":31,"maximum_speed":25,"hitting_power":50,"pass_interceptions":19,"rating":"54%","ranking":68},
{"team":"Patriots","position":"NT","name":"Tim Goad","number":"#72","running_speed":25,"rushing_power":31,"maximum_speed":25,"hitting_power":50,"pass_interceptions":19,"rating":"54%","ranking":69},
{"team":"Bengals","position":"NT","name":"Tim Krumrie","number":"#69","running_speed":25,"rushing_power":31,"maximum_speed":38,"hitting_power":44,"pass_interceptions":19,"rating":"53%","ranking":70},
{"team":"Bengals","position":"LE","name":"Skip Mcclendon","number":"#72","running_speed":25,"rushing_power":31,"maximum_speed":38,"hitting_power":44,"pass_interceptions":19,"rating":"53%","ranking":71},
{"team":"Broncos","position":"RE","name":"Ron Holmes","number":"#90","running_speed":25,"rushing_power":31,"maximum_speed":38,"hitting_power":44,"pass_interceptions":19,"rating":"53%","ranking":72},
{"team":"Cardinals","position":"NT","name":"Jim Wahler","number":"#66","running_speed":25,"rushing_power":31,"maximum_speed":38,"hitting_power":44,"pass_interceptions":19,"rating":"53%","ranking":73},
{"team":"Packers","position":"LE","name":"Matt Brock","number":"#62","running_speed":25,"rushing_power":31,"maximum_speed":38,"hitting_power":44,"pass_interceptions":19,"rating":"53%","ranking":74},
{"team":"Rams","position":"LE","name":"Doug Reed","number":"#93","running_speed":25,"rushing_power":31,"maximum_speed":38,"hitting_power":44,"pass_interceptions":19,"rating":"53%","ranking":75},
{"team":"Saints","position":"LE","name":"Wayne Martin","number":"#93","running_speed":25,"rushing_power":31,"maximum_speed":38,"hitting_power":44,"pass_interceptions":19,"rating":"53%","ranking":76},
{"team":"Seahawks","position":"NT","name":"Joe Nash","number":"#72","running_speed":25,"rushing_power":31,"maximum_speed":38,"hitting_power":44,"pass_interceptions":19,"rating":"53%","ranking":77},
{"team":"Broncos","position":"NT","name":"Greg Kragen","number":"#71","running_speed":25,"rushing_power":31,"maximum_speed":31,"hitting_power":44,"pass_interceptions":19,"rating":"52%","ranking":78},
{"team":"Jets","position":"RE","name":"Jeff Lageman","number":"#56","running_speed":25,"rushing_power":31,"maximum_speed":31,"hitting_power":44,"pass_interceptions":19,"rating":"52%","ranking":79},
{"team":"Jets","position":"NT","name":"Scott Mersereau","number":"#94","running_speed":25,"rushing_power":31,"maximum_speed":31,"hitting_power":44,"pass_interceptions":19,"rating":"52%","ranking":80},
{"team":"Packers","position":"RE","name":"Robert Brown","number":"#93","running_speed":25,"rushing_power":31,"maximum_speed":38,"hitting_power":38,"pass_interceptions":19,"rating":"49%","ranking":81},
{"team":"Rams","position":"RE","name":"Brian Smith","number":"#96","running_speed":25,"rushing_power":31,"maximum_speed":38,"hitting_power":38,"pass_interceptions":19,"rating":"49%","ranking":82},
{"team":"Buccaneers","position":"RE","name":"Jim Skow","number":"#71","running_speed":25,"rushing_power":31,"maximum_speed":38,"hitting_power":31,"pass_interceptions":19,"rating":"46%","ranking":83},
{"team":"Lions","position":"LE","name":"Keith Ferguson","number":"#77","running_speed":25,"rushing_power":31,"maximum_speed":25,"hitting_power":31,"pass_interceptions":19,"rating":"44%","ranking":84}]
