{
  "full_name": "Miami Dolphins",
  "short_name": "dolphins",
  "players": [
    {"team":"Dolphins","position":"QB1","name":"Dan Marino","number":"#13","maximum_speed":6,"passing_speed":81,"pass_control":69,"avoid_pass_block":69,"rating":"70%","ranking":6},
    {"team":"Dolphins","position":"QB2","name":"Scott Mitchell","number":"#19","maximum_speed":13,"passing_speed":44,"pass_control":44,"avoid_pass_block":50,"rating":"47%","ranking":21},
    {"team":"Dolphins","position":"RB1","name":"Sammie Smith","number":"#33","running_speed":44,"maximum_speed":38,"kick_return_maximum_speed":25,"punt_return_maximum_speed":56,"hitting_power":63,"ball_control":50,"receptions":25,"rushing_rating":"47%","rushing_ranking":95,"receiving_rating":"41%","receiving_ranking":205,"kick_return_rating":"54%","kick_return_ranking":101,"punt_return_rating":"71%","punt_return_ranking":40},
    {"team":"Dolphins","position":"RB2","name":"Tony Paige","number":"#49","running_speed":44,"maximum_speed":31,"kick_return_maximum_speed":25,"punt_return_maximum_speed":56,"hitting_power":88,"ball_control":50,"receptions":44,"rushing_rating":"50%","rushing_ranking":77,"receiving_rating":"54%","receiving_ranking":80,"kick_return_rating":"62%","kick_return_ranking":38,"punt_return_rating":"79%","punt_return_ranking":8},
    {"team":"Dolphins","position":"RB3","name":"Marc Logan","number":"#20","running_speed":44,"maximum_speed":38,"kick_return_maximum_speed":25,"punt_return_maximum_speed":56,"hitting_power":44,"ball_control":50,"receptions":25,"rushing_rating":"47%","rushing_ranking":96,"receiving_rating":"41%","receiving_ranking":206,"kick_return_rating":"54%","kick_return_ranking":102,"punt_return_rating":"71%","punt_return_ranking":41},
    {"team":"Dolphins","position":"RB4","name":"Troy Stradford","number":"#23","running_speed":38,"maximum_speed":38,"kick_return_maximum_speed":25,"punt_return_maximum_speed":56,"hitting_power":25,"ball_control":50,"receptions":38,"rushing_rating":"47%","rushing_ranking":97,"receiving_rating":"48%","receiving_ranking":132,"kick_return_rating":"52%","kick_return_ranking":138,"punt_return_rating":"69%","punt_return_ranking":58},
    {"team":"Dolphins","position":"WR1","name":"Mark Clayton","number":"#83","running_speed":31,"maximum_speed":44,"kick_return_maximum_speed":25,"punt_return_maximum_speed":56,"hitting_power":13,"ball_control":50,"receptions":69,"rushing_rating":"53%","rushing_ranking":55,"receiving_rating":"68%","receiving_ranking":22,"kick_return_rating":"50%","kick_return_ranking":165,"punt_return_rating":"67%","punt_return_ranking":66},
    {"team":"Dolphins","position":"WR2","name":"Mark Duper","number":"#85","running_speed":38,"maximum_speed":50,"kick_return_maximum_speed":25,"punt_return_maximum_speed":56,"hitting_power":13,"ball_control":50,"receptions":63,"rushing_rating":"60%","rushing_ranking":38,"receiving_rating":"68%","receiving_ranking":24,"kick_return_rating":"52%","kick_return_ranking":118,"punt_return_rating":"69%","punt_return_ranking":51},
    {"team":"Dolphins","position":"WR3","name":"Fred Banks","number":"#86","running_speed":25,"maximum_speed":19,"kick_return_maximum_speed":25,"punt_return_maximum_speed":56,"hitting_power":13,"ball_control":50,"receptions":44,"rushing_rating":"28%","rushing_ranking":255,"receiving_rating":"42%","receiving_ranking":194,"kick_return_rating":"48%","kick_return_ranking":223,"punt_return_rating":"65%","punt_return_ranking":85},
    {"team":"Dolphins","position":"WR4","name":"Tony Martin","number":"#89","running_speed":25,"maximum_speed":25,"kick_return_maximum_speed":25,"punt_return_maximum_speed":56,"hitting_power":13,"ball_control":50,"receptions":50,"rushing_rating":"33%","rushing_ranking":213,"receiving_rating":"48%","receiving_ranking":124,"kick_return_rating":"48%","kick_return_ranking":206,"punt_return_rating":"65%","punt_return_ranking":80},
    {"team":"Dolphins","position":"TE1","name":"Ferrell Edmunds","number":"#80","running_speed":25,"maximum_speed":38,"kick_return_maximum_speed":25,"punt_return_maximum_speed":56,"hitting_power":56,"ball_control":50,"receptions":50,"rushing_rating":"46%","rushing_ranking":130,"receiving_rating":"53%","receiving_ranking":84,"kick_return_rating":"48%","kick_return_ranking":197,"punt_return_rating":"65%","punt_return_ranking":77},
    {"team":"Dolphins","position":"TE2","name":"Jim Jensen","number":"#11","running_speed":25,"maximum_speed":31,"kick_return_maximum_speed":25,"punt_return_maximum_speed":56,"hitting_power":44,"ball_control":50,"receptions":69,"rushing_rating":"40%","rushing_ranking":151,"receiving_rating":"62%","receiving_ranking":45,"kick_return_rating":"48%","kick_return_ranking":192,"punt_return_rating":"65%","punt_return_ranking":74},
    {"team":"Dolphins","position":"C","name":"Jeff Uhlenhake","number":"#63","maximum_speed":31,"hitting_power":69,"rating":"74%","ranking":23},
    {"team":"Dolphins","position":"LG","name":"Keith Sims","number":"#69","maximum_speed":25,"hitting_power":69,"rating":"68%","ranking":48},
    {"team":"Dolphins","position":"RG","name":"Harry Galbreath","number":"#62","maximum_speed":38,"hitting_power":63,"rating":"77%","ranking":17},
    {"team":"Dolphins","position":"LT","name":"Richmond Webb","number":"#78","maximum_speed":38,"hitting_power":75,"rating":"84%","ranking":10},
    {"team":"Dolphins","position":"RT","name":"Mark Dennis","number":"#74","maximum_speed":25,"hitting_power":56,"rating":"60%","ranking":91},
    {"team":"Dolphins","position":"RE","name":"Jeff Cross","number":"#91","running_speed":38,"rushing_power":50,"maximum_speed":56,"hitting_power":50,"pass_interceptions":19,"rating":"71%","ranking":16},
    {"team":"Dolphins","position":"NT","name":"Shawn Lee","number":"#98","running_speed":25,"rushing_power":31,"maximum_speed":31,"hitting_power":56,"pass_interceptions":19,"rating":"58%","ranking":42},
    {"team":"Dolphins","position":"LE","name":"Karl Wilson","number":"#77","running_speed":25,"rushing_power":31,"maximum_speed":38,"hitting_power":50,"pass_interceptions":19,"rating":"56%","ranking":56},
    {"team":"Dolphins","position":"ROLB","name":"Hugh Green","number":"#55","running_speed":25,"rushing_power":31,"maximum_speed":38,"hitting_power":44,"pass_interceptions":25,"rating":"54%","ranking":66},
    {"team":"Dolphins","position":"RILB","name":"Cliff Odom","number":"#93","running_speed":25,"rushing_power":31,"maximum_speed":38,"hitting_power":44,"pass_interceptions":25,"rating":"54%","ranking":67},
    {"team":"Dolphins","position":"LILB","name":"John Offerdahl","number":"#56","running_speed":38,"rushing_power":50,"maximum_speed":56,"hitting_power":44,"pass_interceptions":31,"rating":"73%","ranking":22},
    {"team":"Dolphins","position":"LOLB","name":"David Griggs","number":"#92","running_speed":25,"rushing_power":38,"maximum_speed":44,"hitting_power":44,"pass_interceptions":25,"rating":"59%","ranking":46},
    {"team":"Dolphins","position":"RCB","name":"J.B. Brown","number":"#37","running_speed":25,"rushing_power":31,"maximum_speed":44,"hitting_power":50,"pass_interceptions":44,"rating":"54%","ranking":84},
    {"team":"Dolphins","position":"LCB","name":"Tim Mckyer","number":"#22","running_speed":31,"rushing_power":38,"maximum_speed":50,"hitting_power":44,"pass_interceptions":50,"rating":"63%","ranking":46},
    {"team":"Dolphins","position":"FS","name":"Louis Oliver","number":"#25","running_speed":38,"rushing_power":44,"maximum_speed":56,"hitting_power":56,"pass_interceptions":56,"rating":"72%","ranking":21},
    {"team":"Dolphins","position":"SS","name":"Jarvis Williams","number":"#26","running_speed":38,"rushing_power":44,"maximum_speed":56,"hitting_power":56,"pass_interceptions":56,"rating":"72%","ranking":20},
    {"team":"Dolphins","position":"K","name":"Pete Stoyanovich","number":"#10","kicking_ability":69,"avoid_kick_block":75,"rating":"87%","ranking":4},
    {"team":"Dolphins","position":"P","name":"Reggie Roby","number":"#4","kicking_ability":75,"avoid_kick_block":38,"rating":"79%","ranking":9}
  ]
}


