{
  "full_name": "Philadelphia Eagles",
  "short_name": "eagles",
  "players": [
    {"team":"Eagles","position":"QB1","name":"QB Eagles","number":"#0","maximum_speed":56,"passing_speed":63,"pass_control":69,"avoid_pass_block":63,"rating":"87%","ranking":1},
    {"team":"Eagles","position":"QB2","name":"Jim Mcmahon","number":"#9","maximum_speed":6,"passing_speed":38,"pass_control":38,"avoid_pass_block":38,"rating":"38%","ranking":52},
    {"team":"Eagles","position":"RB1","name":"Keith Byars","number":"#41","running_speed":38,"maximum_speed":31,"kick_return_maximum_speed":25,"punt_return_maximum_speed":19,"hitting_power":38,"ball_control":50,"receptions":69,"rushing_rating":"42%","rushing_ranking":137,"receiving_rating":"64%","receiving_ranking":38,"kick_return_rating":"52%","kick_return_ranking":120,"punt_return_rating":"31%","punt_return_ranking":271},
    {"team":"Eagles","position":"RB2","name":"Heath Sherman","number":"#23","running_speed":38,"maximum_speed":38,"kick_return_maximum_speed":25,"punt_return_maximum_speed":19,"hitting_power":38,"ball_control":31,"receptions":31,"rushing_rating":"45%","rushing_ranking":131,"receiving_rating":"42%","receiving_ranking":186,"kick_return_rating":"50%","kick_return_ranking":188,"punt_return_rating":"31%","punt_return_ranking":274},
    {"team":"Eagles","position":"RB3","name":"Anthony Toney","number":"#25","running_speed":38,"maximum_speed":31,"kick_return_maximum_speed":25,"punt_return_maximum_speed":19,"hitting_power":38,"ball_control":50,"receptions":25,"rushing_rating":"40%","rushing_ranking":178,"receiving_rating":"37%","receiving_ranking":241,"kick_return_rating":"52%","kick_return_ranking":156,"punt_return_rating":"31%","punt_return_ranking":273},
    {"team":"Eagles","position":"RB4","name":"Robert Drummond","number":"#36","running_speed":38,"maximum_speed":38,"kick_return_maximum_speed":25,"punt_return_maximum_speed":19,"hitting_power":31,"ball_control":50,"receptions":25,"rushing_rating":"46%","rushing_ranking":118,"receiving_rating":"40%","receiving_ranking":214,"kick_return_rating":"52%","kick_return_ranking":149,"punt_return_rating":"31%","punt_return_ranking":272},
    {"team":"Eagles","position":"WR1","name":"Fred Barnett","number":"#86","running_speed":31,"maximum_speed":38,"kick_return_maximum_speed":25,"punt_return_maximum_speed":19,"hitting_power":13,"ball_control":50,"receptions":56,"rushing_rating":"47%","rushing_ranking":102,"receiving_rating":"58%","receiving_ranking":61,"kick_return_rating":"50%","kick_return_ranking":172,"punt_return_rating":"29%","punt_return_ranking":275},
    {"team":"Eagles","position":"WR2","name":"Calvin Williams","number":"#89","running_speed":31,"maximum_speed":31,"kick_return_maximum_speed":25,"punt_return_maximum_speed":19,"hitting_power":13,"ball_control":50,"receptions":50,"rushing_rating":"40%","rushing_ranking":155,"receiving_rating":"51%","receiving_ranking":99,"kick_return_rating":"50%","kick_return_ranking":175,"punt_return_rating":"29%","punt_return_ranking":276},
    {"team":"Eagles","position":"WR3","name":"Mike Quick","number":"#82","running_speed":31,"maximum_speed":31,"kick_return_maximum_speed":25,"punt_return_maximum_speed":19,"hitting_power":13,"ball_control":50,"receptions":44,"rushing_rating":"40%","rushing_ranking":168,"receiving_rating":"48%","receiving_ranking":139,"kick_return_rating":"50%","kick_return_ranking":186,"punt_return_rating":"29%","punt_return_ranking":277},
    {"team":"Eagles","position":"WR4","name":"Kenny Jackson","number":"#85","running_speed":25,"maximum_speed":25,"kick_return_maximum_speed":25,"punt_return_maximum_speed":19,"hitting_power":13,"ball_control":50,"receptions":44,"rushing_rating":"33%","rushing_ranking":227,"receiving_rating":"44%","receiving_ranking":169,"kick_return_rating":"48%","kick_return_ranking":214,"punt_return_rating":"27%","punt_return_ranking":279},
    {"team":"Eagles","position":"TE1","name":"Keith Jackson","number":"#88","running_speed":25,"maximum_speed":50,"kick_return_maximum_speed":25,"punt_return_maximum_speed":19,"hitting_power":63,"ball_control":50,"receptions":63,"rushing_rating":"58%","rushing_ranking":44,"receiving_rating":"66%","receiving_ranking":30,"kick_return_rating":"48%","kick_return_ranking":191,"punt_return_rating":"27%","punt_return_ranking":278},
    {"team":"Eagles","position":"TE2","name":"Harper Le Bel","number":"#87","running_speed":25,"maximum_speed":19,"kick_return_maximum_speed":25,"punt_return_maximum_speed":19,"hitting_power":50,"ball_control":50,"receptions":25,"rushing_rating":"26%","rushing_ranking":278,"receiving_rating":"30%","receiving_ranking":278,"kick_return_rating":"48%","kick_return_ranking":240,"punt_return_rating":"27%","punt_return_ranking":280},
    {"team":"Eagles","position":"C","name":"David Alexander","number":"#72","maximum_speed":31,"hitting_power":38,"rating":"54%","ranking":126},
    {"team":"Eagles","position":"LG","name":"Mike Schad","number":"#79","maximum_speed":19,"hitting_power":50,"rating":"50%","ranking":133},
    {"team":"Eagles","position":"RG","name":"Ron Solt","number":"#66","maximum_speed":19,"hitting_power":38,"rating":"42%","ranking":140},
    {"team":"Eagles","position":"LT","name":"Ron Heller","number":"#73","maximum_speed":25,"hitting_power":50,"rating":"56%","ranking":112},
    {"team":"Eagles","position":"RT","name":"R. Singletary","number":"#68","maximum_speed":25,"hitting_power":50,"rating":"56%","ranking":113},
    {"team":"Eagles","position":"RE","name":"Clyde Simmons","number":"#96","running_speed":31,"rushing_power":44,"maximum_speed":50,"hitting_power":50,"pass_interceptions":19,"rating":"65%","ranking":27},
    {"team":"Eagles","position":"NT","name":"Mike Golic","number":"#90","running_speed":25,"rushing_power":31,"maximum_speed":38,"hitting_power":50,"pass_interceptions":31,"rating":"57%","ranking":43},
    {"team":"Eagles","position":"LE","name":"Reggie White","number":"#92","running_speed":38,"rushing_power":50,"maximum_speed":56,"hitting_power":69,"pass_interceptions":31,"rating":"82%","ranking":2},
    {"team":"Eagles","position":"ROLB","name":"Jessie Small","number":"#52","running_speed":25,"rushing_power":31,"maximum_speed":38,"hitting_power":44,"pass_interceptions":19,"rating":"53%","ranking":76},
    {"team":"Eagles","position":"RILB","name":"Jerome Brown","number":"#99","running_speed":38,"rushing_power":50,"maximum_speed":56,"hitting_power":69,"pass_interceptions":19,"rating":"80%","ranking":6},
    {"team":"Eagles","position":"LILB","name":"Byron Evans","number":"#56","running_speed":25,"rushing_power":31,"maximum_speed":38,"hitting_power":44,"pass_interceptions":31,"rating":"56%","ranking":59},
    {"team":"Eagles","position":"LOLB","name":"Seth Joyner","number":"#59","running_speed":31,"rushing_power":44,"maximum_speed":50,"hitting_power":63,"pass_interceptions":31,"rating":"74%","ranking":17},
    {"team":"Eagles","position":"RCB","name":"Eric Allen","number":"#21","running_speed":38,"rushing_power":50,"maximum_speed":44,"hitting_power":50,"pass_interceptions":50,"rating":"71%","ranking":24},
    {"team":"Eagles","position":"LCB","name":"Ben Smith","number":"#26","running_speed":38,"rushing_power":50,"maximum_speed":38,"hitting_power":31,"pass_interceptions":50,"rating":"69%","ranking":28},
    {"team":"Eagles","position":"FS","name":"Wes Hopkins","number":"#48","running_speed":25,"rushing_power":31,"maximum_speed":19,"hitting_power":50,"pass_interceptions":56,"rating":"57%","ranking":67},
    {"team":"Eagles","position":"SS","name":"Andre Waters","number":"#20","running_speed":25,"rushing_power":31,"maximum_speed":19,"hitting_power":31,"pass_interceptions":25,"rating":"40%","ranking":112},
    {"team":"Eagles","position":"K","name":"Roger Ruzek","number":"#7","kicking_ability":50,"avoid_kick_block":25,"rating":"52%","ranking":19},
    {"team":"Eagles","position":"P","name":"Jeff Feagles","number":"#5","kicking_ability":50,"avoid_kick_block":31,"rating":"55%","ranking":16}
  ]
}

