{
  "full_name": "Atlanta Falcons",
  "short_name": "falcons",
  "players": [
    {"team":"Falcons","position":"QB1","name":"Chris Miller","number":"#12","maximum_speed":13,"passing_speed":31,"pass_control":44,"avoid_pass_block":31,"rating":"43%","ranking":31},
    {"team":"Falcons","position":"QB2","name":"Hugh Millen","number":"#7","maximum_speed":13,"passing_speed":38,"pass_control":38,"avoid_pass_block":38,"rating":"41%","ranking":47},
    {"team":"Falcons","position":"RB1","name":"Mike Rozier","number":"#30","running_speed":38,"maximum_speed":50,"kick_return_maximum_speed":31,"punt_return_maximum_speed":25,"hitting_power":25,"ball_control":50,"receptions":31,"rushing_rating":"58%","rushing_ranking":43,"receiving_rating":"48%","receiving_ranking":117,"kick_return_rating":"61%","kick_return_ranking":47,"punt_return_rating":"37%","punt_return_ranking":263},
    {"team":"Falcons","position":"RB2","name":"Steve Broussard","number":"#34","running_speed":38,"maximum_speed":38,"kick_return_maximum_speed":31,"punt_return_maximum_speed":25,"hitting_power":25,"ball_control":50,"receptions":31,"rushing_rating":"46%","rushing_ranking":108,"receiving_rating":"43%","receiving_ranking":180,"kick_return_rating":"61%","kick_return_ranking":49,"punt_return_rating":"37%","punt_return_ranking":264},
    {"team":"Falcons","position":"RB3","name":"Keith Jones","number":"#38","running_speed":38,"maximum_speed":38,"kick_return_maximum_speed":31,"punt_return_maximum_speed":25,"hitting_power":31,"ball_control":50,"receptions":25,"rushing_rating":"46%","rushing_ranking":119,"receiving_rating":"40%","receiving_ranking":215,"kick_return_rating":"61%","kick_return_ranking":51,"punt_return_rating":"37%","punt_return_ranking":265},
    {"team":"Falcons","position":"RB4","name":"Tracy Johnson","number":"#43","running_speed":38,"maximum_speed":31,"kick_return_maximum_speed":31,"punt_return_maximum_speed":25,"hitting_power":50,"ball_control":50,"receptions":25,"rushing_rating":"40%","rushing_ranking":179,"receiving_rating":"37%","receiving_ranking":242,"kick_return_rating":"61%","kick_return_ranking":54,"punt_return_rating":"37%","punt_return_ranking":266},
    {"team":"Falcons","position":"WR1","name":"Michael Haynes","number":"#81","running_speed":25,"maximum_speed":25,"kick_return_maximum_speed":31,"punt_return_maximum_speed":25,"hitting_power":13,"ball_control":50,"receptions":50,"rushing_rating":"33%","rushing_ranking":214,"receiving_rating":"48%","receiving_ranking":125,"kick_return_rating":"56%","kick_return_ranking":69,"punt_return_rating":"33%","punt_return_ranking":268},
    {"team":"Falcons","position":"WR2","name":"Floyd Dixon","number":"#86","running_speed":25,"maximum_speed":25,"kick_return_maximum_speed":31,"punt_return_maximum_speed":25,"hitting_power":13,"ball_control":50,"receptions":50,"rushing_rating":"33%","rushing_ranking":215,"receiving_rating":"48%","receiving_ranking":126,"kick_return_rating":"56%","kick_return_ranking":70,"punt_return_rating":"33%","punt_return_ranking":269},
    {"team":"Falcons","position":"WR3","name":"Andre Rison","number":"#80","running_speed":44,"maximum_speed":63,"kick_return_maximum_speed":31,"punt_return_maximum_speed":25,"hitting_power":13,"ball_control":50,"receptions":75,"rushing_rating":"74%","rushing_ranking":5,"receiving_rating":"82%","receiving_ranking":4,"kick_return_rating":"62%","kick_return_ranking":33,"punt_return_rating":"39%","punt_return_ranking":261},
    {"team":"Falcons","position":"WR4","name":"Shawn Collins","number":"#85","running_speed":44,"maximum_speed":50,"kick_return_maximum_speed":31,"punt_return_maximum_speed":25,"hitting_power":13,"ball_control":50,"receptions":50,"rushing_rating":"60%","rushing_ranking":37,"receiving_rating":"61%","receiving_ranking":48,"kick_return_rating":"62%","kick_return_ranking":35,"punt_return_rating":"39%","punt_return_ranking":262},
    {"team":"Falcons","position":"WR5","name":"George Thomas","number":"#89","running_speed":31,"maximum_speed":31,"kick_return_maximum_speed":31,"punt_return_maximum_speed":25,"hitting_power":13,"ball_control":50,"receptions":44,"rushing_rating":"40%","rushing_ranking":169,"receiving_rating":"48%","receiving_ranking":140,"kick_return_rating":"58%","kick_return_ranking":61,"punt_return_rating":"35%","punt_return_ranking":267},
    {"team":"Falcons","position":"WR6","name":"Gary Wilkins","number":"#87","running_speed":25,"maximum_speed":25,"kick_return_maximum_speed":31,"punt_return_maximum_speed":25,"hitting_power":31,"ball_control":50,"receptions":31,"rushing_rating":"32%","rushing_ranking":237,"receiving_rating":"36%","receiving_ranking":248,"kick_return_rating":"56%","kick_return_ranking":77,"punt_return_rating":"33%","punt_return_ranking":270},
    {"team":"Falcons","position":"C","name":"Jamie Dukes","number":"#64","maximum_speed":19,"hitting_power":50,"rating":"50%","ranking":134},
    {"team":"Falcons","position":"LG","name":"Houston Hoover","number":"#69","maximum_speed":19,"hitting_power":44,"rating":"46%","ranking":139},
    {"team":"Falcons","position":"RG","name":"Bill Fralic","number":"#79","maximum_speed":44,"hitting_power":50,"rating":"75%","ranking":20},
    {"team":"Falcons","position":"LT","name":"Mike Kenn","number":"#78","maximum_speed":31,"hitting_power":38,"rating":"54%","ranking":127},
    {"team":"Falcons","position":"RT","name":"Chris Hinton","number":"#71","maximum_speed":31,"hitting_power":69,"rating":"74%","ranking":24},
    {"team":"Falcons","position":"RE","name":"Tim Green","number":"#99","running_speed":25,"rushing_power":31,"maximum_speed":38,"hitting_power":50,"pass_interceptions":19,"rating":"56%","ranking":57},
    {"team":"Falcons","position":"NT","name":"Tory Epps","number":"#97","running_speed":25,"rushing_power":31,"maximum_speed":38,"hitting_power":56,"pass_interceptions":19,"rating":"59%","ranking":36},
    {"team":"Falcons","position":"LE","name":"Mike Gann","number":"#76","running_speed":31,"rushing_power":44,"maximum_speed":50,"hitting_power":50,"pass_interceptions":19,"rating":"65%","ranking":28},
    {"team":"Falcons","position":"ROLB","name":"Darion Conner","number":"#56","running_speed":25,"rushing_power":31,"maximum_speed":38,"hitting_power":38,"pass_interceptions":19,"rating":"50%","ranking":88},
    {"team":"Falcons","position":"RILB","name":"John Rade","number":"#59","running_speed":25,"rushing_power":31,"maximum_speed":38,"hitting_power":38,"pass_interceptions":19,"rating":"50%","ranking":89},
    {"team":"Falcons","position":"LILB","name":"Jessie Tuggle","number":"#58","running_speed":25,"rushing_power":38,"maximum_speed":44,"hitting_power":38,"pass_interceptions":19,"rating":"56%","ranking":61},
    {"team":"Falcons","position":"LOLB","name":"Michael Reid","number":"#95","running_speed":25,"rushing_power":31,"maximum_speed":38,"hitting_power":38,"pass_interceptions":19,"rating":"50%","ranking":90},
    {"team":"Falcons","position":"RCB","name":"Deion Sanders","number":"#21","running_speed":44,"rushing_power":56,"maximum_speed":75,"hitting_power":56,"pass_interceptions":56,"rating":"83%","ranking":7},
    {"team":"Falcons","position":"LCB","name":"Charles Dimry","number":"#22","running_speed":25,"rushing_power":31,"maximum_speed":31,"hitting_power":31,"pass_interceptions":50,"rating":"54%","ranking":85},
    {"team":"Falcons","position":"FS","name":"Scott Case","number":"#25","running_speed":25,"rushing_power":31,"maximum_speed":38,"hitting_power":31,"pass_interceptions":50,"rating":"55%","ranking":79},
    {"team":"Falcons","position":"SS","name":"Brian Jordan","number":"#40","running_speed":25,"rushing_power":31,"maximum_speed":25,"hitting_power":44,"pass_interceptions":50,"rating":"54%","ranking":83},
    {"team":"Falcons","position":"K","name":"Greg Davis","number":"#5","kicking_ability":25,"avoid_kick_block":50,"rating":"40%","ranking":26},
    {"team":"Falcons","position":"P","name":"Scott Fulhage","number":"#17","kicking_ability":63,"avoid_kick_block":69,"rating":"80%","ranking":8}
  ]
}

