{
  "full_name": "New York Giants",
  "short_name": "giants",
  "players": [
    {"team":"Giants","position":"QB1","name":"Phil Simms","number":"#11","maximum_speed":13,"passing_speed":50,"pass_control":63,"avoid_pass_block":81,"rating":"62%","ranking":8},
    {"team":"Giants","position":"QB2","name":"Jeff Hostetler","number":"#15","maximum_speed":25,"passing_speed":38,"pass_control":31,"avoid_pass_block":19,"rating":"41%","ranking":48},
    {"team":"Giants","position":"RB1","name":"Ottis Anderson","number":"#24","running_speed":56,"maximum_speed":50,"kick_return_maximum_speed":31,"punt_return_maximum_speed":50,"hitting_power":88,"ball_control":75,"receptions":31,"rushing_rating":"70%","rushing_ranking":11,"receiving_rating":"57%","receiving_ranking":70,"kick_return_rating":"77%","kick_return_ranking":15,"punt_return_rating":"77%","punt_return_ranking":15},
    {"team":"Giants","position":"RB2","name":"David Meggett","number":"#30","running_speed":38,"maximum_speed":56,"kick_return_maximum_speed":31,"punt_return_maximum_speed":50,"hitting_power":19,"ball_control":75,"receptions":50,"rushing_rating":"66%","rushing_ranking":21,"receiving_rating":"64%","receiving_ranking":39,"kick_return_rating":"64%","kick_return_ranking":31,"punt_return_rating":"63%","punt_return_ranking":100},
    {"team":"Giants","position":"RB3","name":"Maurice Carthon","number":"#44","running_speed":44,"maximum_speed":25,"kick_return_maximum_speed":31,"punt_return_maximum_speed":50,"hitting_power":44,"ball_control":50,"receptions":25,"rushing_rating":"35%","rushing_ranking":199,"receiving_rating":"36%","receiving_ranking":256,"kick_return_rating":"62%","kick_return_ranking":36,"punt_return_rating":"65%","punt_return_ranking":93},
    {"team":"Giants","position":"RB4","name":"Rodney Hampton","number":"#27","running_speed":38,"maximum_speed":31,"kick_return_maximum_speed":31,"punt_return_maximum_speed":50,"hitting_power":38,"ball_control":63,"receptions":38,"rushing_rating":"41%","rushing_ranking":141,"receiving_rating":"46%","receiving_ranking":155,"kick_return_rating":"62%","kick_return_ranking":40,"punt_return_rating":"63%","punt_return_ranking":101},
    {"team":"Giants","position":"WR1","name":"Mark Ingram","number":"#82","running_speed":44,"maximum_speed":56,"kick_return_maximum_speed":31,"punt_return_maximum_speed":50,"hitting_power":13,"ball_control":63,"receptions":50,"rushing_rating":"66%","rushing_ranking":20,"receiving_rating":"64%","receiving_ranking":37,"kick_return_rating":"64%","kick_return_ranking":30,"punt_return_rating":"65%","punt_return_ranking":90},
    {"team":"Giants","position":"WR2","name":"Stephen Baker","number":"#85","running_speed":44,"maximum_speed":56,"kick_return_maximum_speed":31,"punt_return_maximum_speed":50,"hitting_power":13,"ball_control":69,"receptions":56,"rushing_rating":"67%","rushing_ranking":19,"receiving_rating":"68%","receiving_ranking":21,"kick_return_rating":"65%","kick_return_ranking":26,"punt_return_rating":"65%","punt_return_ranking":89},
    {"team":"Giants","position":"WR3","name":"Stacey Robinson","number":"#81","running_speed":25,"maximum_speed":25,"kick_return_maximum_speed":31,"punt_return_maximum_speed":50,"hitting_power":13,"ball_control":50,"receptions":44,"rushing_rating":"33%","rushing_ranking":228,"receiving_rating":"44%","receiving_ranking":170,"kick_return_rating":"56%","kick_return_ranking":73,"punt_return_rating":"59%","punt_return_ranking":138},
    {"team":"Giants","position":"WR4","name":"Odessa Turner","number":"#83","running_speed":25,"maximum_speed":25,"kick_return_maximum_speed":31,"punt_return_maximum_speed":50,"hitting_power":13,"ball_control":50,"receptions":44,"rushing_rating":"33%","rushing_ranking":229,"receiving_rating":"44%","receiving_ranking":171,"kick_return_rating":"56%","kick_return_ranking":74,"punt_return_rating":"59%","punt_return_ranking":139},
    {"team":"Giants","position":"TE1","name":"Mark Bavaro","number":"#89","running_speed":25,"maximum_speed":31,"kick_return_maximum_speed":31,"punt_return_maximum_speed":50,"hitting_power":69,"ball_control":69,"receptions":44,"rushing_rating":"40%","rushing_ranking":162,"receiving_rating":"48%","receiving_ranking":131,"kick_return_rating":"59%","kick_return_ranking":58,"punt_return_rating":"59%","punt_return_ranking":135},
    {"team":"Giants","position":"TE2","name":"Howard Cross","number":"#87","running_speed":25,"maximum_speed":19,"kick_return_maximum_speed":31,"punt_return_maximum_speed":50,"hitting_power":56,"ball_control":56,"receptions":31,"rushing_rating":"27%","rushing_ranking":262,"receiving_rating":"34%","receiving_ranking":260,"kick_return_rating":"57%","kick_return_ranking":66,"punt_return_rating":"59%","punt_return_ranking":136},
    {"team":"Giants","position":"C","name":"Bart Oates","number":"#65","maximum_speed":38,"hitting_power":50,"rating":"69%","ranking":45},
    {"team":"Giants","position":"LG","name":"William Roberts","number":"#66","maximum_speed":31,"hitting_power":56,"rating":"66%","ranking":51},
    {"team":"Giants","position":"RG","name":"Eric Moore","number":"#60","maximum_speed":31,"hitting_power":63,"rating":"70%","ranking":38},
    {"team":"Giants","position":"LT","name":"John Elliott","number":"#76","maximum_speed":25,"hitting_power":75,"rating":"71%","ranking":34},
    {"team":"Giants","position":"RT","name":"Doug Riesenberg","number":"#72","maximum_speed":31,"hitting_power":50,"rating":"62%","ranking":71},
    {"team":"Giants","position":"RE","name":"Leonard Marshall","number":"#70","running_speed":25,"rushing_power":31,"maximum_speed":38,"hitting_power":56,"pass_interceptions":19,"rating":"59%","ranking":37},
    {"team":"Giants","position":"NT","name":"Erik Howard","number":"#74","running_speed":25,"rushing_power":31,"maximum_speed":38,"hitting_power":50,"pass_interceptions":19,"rating":"56%","ranking":58},
    {"team":"Giants","position":"LE","name":"Eric Dorsey","number":"#77","running_speed":25,"rushing_power":31,"maximum_speed":38,"hitting_power":50,"pass_interceptions":19,"rating":"56%","ranking":59},
    {"team":"Giants","position":"ROLB","name":"Lawrence Taylor","number":"#56","running_speed":44,"rushing_power":56,"maximum_speed":69,"hitting_power":75,"pass_interceptions":31,"rating":"92%","ranking":1},
    {"team":"Giants","position":"RILB","name":"Pepper Johnson","number":"#52","running_speed":38,"rushing_power":44,"maximum_speed":56,"hitting_power":69,"pass_interceptions":31,"rating":"79%","ranking":9},
    {"team":"Giants","position":"LILB","name":"Gary Reasons","number":"#55","running_speed":25,"rushing_power":38,"maximum_speed":44,"hitting_power":38,"pass_interceptions":63,"rating":"66%","ranking":39},
    {"team":"Giants","position":"LOLB","name":"Carl Banks","number":"#58","running_speed":38,"rushing_power":44,"maximum_speed":50,"hitting_power":63,"pass_interceptions":19,"rating":"73%","ranking":21},
    {"team":"Giants","position":"RCB","name":"Everson Walls","number":"#28","running_speed":38,"rushing_power":44,"maximum_speed":56,"hitting_power":31,"pass_interceptions":63,"rating":"74%","ranking":17},
    {"team":"Giants","position":"LCB","name":"Mark Collins","number":"#25","running_speed":38,"rushing_power":44,"maximum_speed":56,"hitting_power":50,"pass_interceptions":44,"rating":"66%","ranking":35},
    {"team":"Giants","position":"FS","name":"Myron Guyton","number":"#29","running_speed":31,"rushing_power":38,"maximum_speed":50,"hitting_power":56,"pass_interceptions":44,"rating":"60%","ranking":54},
    {"team":"Giants","position":"SS","name":"Greg Jackson","number":"#47","running_speed":31,"rushing_power":38,"maximum_speed":50,"hitting_power":56,"pass_interceptions":56,"rating":"66%","ranking":31},
    {"team":"Giants","position":"K","name":"Matt Bahr","number":"#9","kicking_ability":44,"avoid_kick_block":63,"rating":"61%","ranking":15},
    {"team":"Giants","position":"P","name":"Sean Landeta","number":"#5","kicking_ability":81,"avoid_kick_block":81,"rating":"100%","ranking":1}
  ]
}

