{
  "full_name": "New York Jets",
  "short_name": "jets",
  "players": [
    {"team":"Jets","position":"QB1","name":"Ken O.Brien","number":"#7","maximum_speed":13,"passing_speed":56,"pass_control":50,"avoid_pass_block":38,"rating":"53%","ranking":15},
    {"team":"Jets","position":"QB2","name":"Tony Eason","number":"#11","maximum_speed":13,"passing_speed":44,"pass_control":44,"avoid_pass_block":31,"rating":"46%","ranking":26},
    {"team":"Jets","position":"RB1","name":"Blair Thomas","number":"#32","running_speed":38,"maximum_speed":44,"kick_return_maximum_speed":25,"punt_return_maximum_speed":44,"hitting_power":25,"ball_control":50,"receptions":31,"rushing_rating":"52%","rushing_ranking":65,"receiving_rating":"46%","receiving_ranking":151,"kick_return_rating":"52%","kick_return_ranking":140,"punt_return_rating":"57%","punt_return_ranking":189},
    {"team":"Jets","position":"RB2","name":"Freeman Mcneil","number":"#24","running_speed":38,"maximum_speed":38,"kick_return_maximum_speed":25,"punt_return_maximum_speed":44,"hitting_power":19,"ball_control":50,"receptions":25,"rushing_rating":"46%","rushing_ranking":120,"receiving_rating":"40%","receiving_ranking":216,"kick_return_rating":"52%","kick_return_ranking":150,"punt_return_rating":"57%","punt_return_ranking":192},
    {"team":"Jets","position":"RB3","name":"Brad Baxter","number":"#30","running_speed":44,"maximum_speed":31,"kick_return_maximum_speed":25,"punt_return_maximum_speed":44,"hitting_power":31,"ball_control":50,"receptions":25,"rushing_rating":"41%","rushing_ranking":148,"receiving_rating":"38%","receiving_ranking":233,"kick_return_rating":"54%","kick_return_ranking":104,"punt_return_rating":"59%","punt_return_ranking":165},
    {"team":"Jets","position":"RB4","name":"Johnny Hector","number":"#34","running_speed":38,"maximum_speed":44,"kick_return_maximum_speed":25,"punt_return_maximum_speed":44,"hitting_power":19,"ball_control":50,"receptions":25,"rushing_rating":"52%","rushing_ranking":70,"receiving_rating":"42%","receiving_ranking":187,"kick_return_rating":"52%","kick_return_ranking":143,"punt_return_rating":"57%","punt_return_ranking":191},
    {"team":"Jets","position":"WR1","name":"Al Toon","number":"#88","running_speed":31,"maximum_speed":44,"kick_return_maximum_speed":25,"punt_return_maximum_speed":44,"hitting_power":13,"ball_control":50,"receptions":69,"rushing_rating":"53%","rushing_ranking":56,"receiving_rating":"68%","receiving_ranking":23,"kick_return_rating":"50%","kick_return_ranking":166,"punt_return_rating":"54%","punt_return_ranking":207},
    {"team":"Jets","position":"WR2","name":"Rob Moore","number":"#85","running_speed":31,"maximum_speed":31,"kick_return_maximum_speed":25,"punt_return_maximum_speed":44,"hitting_power":13,"ball_control":50,"receptions":50,"rushing_rating":"40%","rushing_ranking":156,"receiving_rating":"51%","receiving_ranking":100,"kick_return_rating":"50%","kick_return_ranking":176,"punt_return_rating":"54%","punt_return_ranking":208},
    {"team":"Jets","position":"WR3","name":"Terance Mathis","number":"#81","running_speed":25,"maximum_speed":19,"kick_return_maximum_speed":25,"punt_return_maximum_speed":44,"hitting_power":13,"ball_control":50,"receptions":44,"rushing_rating":"28%","rushing_ranking":256,"receiving_rating":"42%","receiving_ranking":195,"kick_return_rating":"48%","kick_return_ranking":224,"punt_return_rating":"53%","punt_return_ranking":229},
    {"team":"Jets","position":"WR4","name":"Jojo Townsell","number":"#83","running_speed":25,"maximum_speed":19,"kick_return_maximum_speed":25,"punt_return_maximum_speed":44,"hitting_power":13,"ball_control":50,"receptions":44,"rushing_rating":"28%","rushing_ranking":257,"receiving_rating":"42%","receiving_ranking":196,"kick_return_rating":"48%","kick_return_ranking":225,"punt_return_rating":"53%","punt_return_ranking":230},
    {"team":"Jets","position":"TE1","name":"Mark Boyer","number":"#80","running_speed":25,"maximum_speed":25,"kick_return_maximum_speed":25,"punt_return_maximum_speed":44,"hitting_power":56,"ball_control":50,"receptions":50,"rushing_rating":"33%","rushing_ranking":216,"receiving_rating":"48%","receiving_ranking":127,"kick_return_rating":"48%","kick_return_ranking":207,"punt_return_rating":"53%","punt_return_ranking":226},
    {"team":"Jets","position":"TE2","name":"Doug Wellsandt","number":"#86","running_speed":25,"maximum_speed":19,"kick_return_maximum_speed":25,"punt_return_maximum_speed":44,"hitting_power":38,"ball_control":50,"receptions":31,"rushing_rating":"27%","rushing_ranking":272,"receiving_rating":"34%","receiving_ranking":270,"kick_return_rating":"48%","kick_return_ranking":236,"punt_return_rating":"53%","punt_return_ranking":234},
    {"team":"Jets","position":"C","name":"Jim Sweeney","number":"#53","maximum_speed":38,"hitting_power":44,"rating":"65%","ranking":57},
    {"team":"Jets","position":"LG","name":"Mike Haight","number":"#79","maximum_speed":31,"hitting_power":44,"rating":"58%","ranking":97},
    {"team":"Jets","position":"RG","name":"Dave Cadigan","number":"#66","maximum_speed":31,"hitting_power":50,"rating":"62%","ranking":72},
    {"team":"Jets","position":"LT","name":"Jeff Criswell","number":"#61","maximum_speed":25,"hitting_power":50,"rating":"56%","ranking":114},
    {"team":"Jets","position":"RT","name":"Brett Miller","number":"#72","maximum_speed":25,"hitting_power":50,"rating":"56%","ranking":115},
    {"team":"Jets","position":"RE","name":"Jeff Lageman","number":"#56","running_speed":25,"rushing_power":31,"maximum_speed":31,"hitting_power":44,"pass_interceptions":19,"rating":"52%","ranking":79},
    {"team":"Jets","position":"NT","name":"Scott Mersereau","number":"#94","running_speed":25,"rushing_power":31,"maximum_speed":31,"hitting_power":44,"pass_interceptions":19,"rating":"52%","ranking":80},
    {"team":"Jets","position":"LE","name":"Ron Stallworth","number":"#96","running_speed":25,"rushing_power":31,"maximum_speed":38,"hitting_power":50,"pass_interceptions":19,"rating":"56%","ranking":60},
    {"team":"Jets","position":"ROLB","name":"Joe Kelly","number":"#58","running_speed":25,"rushing_power":31,"maximum_speed":31,"hitting_power":44,"pass_interceptions":19,"rating":"52%","ranking":80},
    {"team":"Jets","position":"RILB","name":"Dennis Byrd","number":"#90","running_speed":38,"rushing_power":50,"maximum_speed":56,"hitting_power":69,"pass_interceptions":25,"rating":"82%","ranking":4},
    {"team":"Jets","position":"LILB","name":"Kyle Clifton","number":"#59","running_speed":31,"rushing_power":44,"maximum_speed":50,"hitting_power":50,"pass_interceptions":50,"rating":"74%","ranking":20},
    {"team":"Jets","position":"LOLB","name":"Joe Mott","number":"#51","running_speed":25,"rushing_power":31,"maximum_speed":31,"hitting_power":44,"pass_interceptions":19,"rating":"52%","ranking":81},
    {"team":"Jets","position":"RCB","name":"James Hasty","number":"#40","running_speed":25,"rushing_power":31,"maximum_speed":38,"hitting_power":38,"pass_interceptions":44,"rating":"52%","ranking":90},
    {"team":"Jets","position":"LCB","name":"Tony Stargell","number":"#45","running_speed":25,"rushing_power":31,"maximum_speed":38,"hitting_power":31,"pass_interceptions":44,"rating":"52%","ranking":92},
    {"team":"Jets","position":"FS","name":"Erik Mcmillan","number":"#22","running_speed":38,"rushing_power":44,"maximum_speed":56,"hitting_power":56,"pass_interceptions":63,"rating":"75%","ranking":14},
    {"team":"Jets","position":"SS","name":"Brian Washington","number":"#21","running_speed":25,"rushing_power":31,"maximum_speed":44,"hitting_power":38,"pass_interceptions":50,"rating":"56%","ranking":74},
    {"team":"Jets","position":"K","name":"Pat Leahy","number":"#5","kicking_ability":75,"avoid_kick_block":69,"rating":"90%","ranking":2},
    {"team":"Jets","position":"P","name":"Joe Prokop","number":"#6","kicking_ability":69,"avoid_kick_block":75,"rating":"87%","ranking":4}
  ]
}

