[{"team":"Chiefs","position":"K","name":"Nick Lowery","number":"#8","kicking_ability":81,"avoid_kick_block":81,"rating":"100%","ranking":1},
{"team":"Jets","position":"K","name":"Pat Leahy","number":"#5","kicking_ability":75,"avoid_kick_block":69,"rating":"90%","ranking":2},
{"team":"Buccaneers","position":"K","name":"Steve Christie","number":"#2","kicking_ability":69,"avoid_kick_block":75,"rating":"87%","ranking":3},
{"team":"Dolphins","position":"K","name":"Pete Stoyanovich","number":"#10","kicking_ability":69,"avoid_kick_block":75,"rating":"87%","ranking":4},
{"team":"Chargers","position":"K","name":"John Carney","number":"#3","kicking_ability":75,"avoid_kick_block":50,"rating":"83%","ranking":5},
{"team":"Saints","position":"K","name":"Morten Andersen","number":"#7","kicking_ability":56,"avoid_kick_block":69,"rating":"74%","ranking":6},
{"team":"Redskins","position":"K","name":"Chip Lohmiller","number":"#8","kicking_ability":50,"avoid_kick_block":81,"rating":"73%","ranking":7},
{"team":"Steelers","position":"K","name":"Gary Anderson","number":"#1","kicking_ability":63,"avoid_kick_block":50,"rating":"73%","ranking":8},
{"team":"Broncos","position":"K","name":"David Treadwell","number":"#9","kicking_ability":69,"avoid_kick_block":31,"rating":"71%","ranking":9},
{"team":"Patriots","position":"K","name":"Jason Staurovsky","number":"#4","kicking_ability":63,"avoid_kick_block":44,"rating":"71%","ranking":10},
{"team":"49ers","position":"K","name":"Mike Cofer","number":"#6","kicking_ability":56,"avoid_kick_block":56,"rating":"69%","ranking":11},
{"team":"Raiders","position":"K","name":"Jeff Jaeger","number":"#18","kicking_ability":56,"avoid_kick_block":56,"rating":"69%","ranking":12},
{"team":"Bengals","position":"K","name":"Jim Breech","number":"#3","kicking_ability":63,"avoid_kick_block":31,"rating":"66%","ranking":13},
{"team":"Packers","position":"K","name":"Chris Jacke","number":"#13","kicking_ability":56,"avoid_kick_block":38,"rating":"62%","ranking":14},
{"team":"Giants","position":"K","name":"Matt Bahr","number":"#9","kicking_ability":44,"avoid_kick_block":63,"rating":"61%","ranking":15},
{"team":"Vikings","position":"K","name":"Fuad Reveiz","number":"#7","kicking_ability":44,"avoid_kick_block":63,"rating":"61%","ranking":16},
{"team":"Bills","position":"K","name":"Scott Norwood","number":"#11","kicking_ability":44,"avoid_kick_block":44,"rating":"54%","ranking":17},
{"team":"Cowboys","position":"K","name":"Ken Willis","number":"#1","kicking_ability":44,"avoid_kick_block":44,"rating":"54%","ranking":18},
{"team":"Eagles","position":"K","name":"Roger Ruzek","number":"#7","kicking_ability":50,"avoid_kick_block":25,"rating":"52%","ranking":19},
{"team":"Seahawks","position":"K","name":"Norm Johnson","number":"#9","kicking_ability":44,"avoid_kick_block":38,"rating":"52%","ranking":20},
{"team":"Bears","position":"K","name":"Kevin Butler","number":"#6","kicking_ability":38,"avoid_kick_block":50,"rating":"51%","ranking":21},
{"team":"Colts","position":"K","name":"Dean Biasucci","number":"#4","kicking_ability":38,"avoid_kick_block":38,"rating":"47%","ranking":22},
{"team":"Lions","position":"K","name":"Eddie Murray","number":"#3","kicking_ability":31,"avoid_kick_block":50,"rating":"45%","ranking":23},
{"team":"Browns","position":"K","name":"Jerry Kauric","number":"#2","kicking_ability":38,"avoid_kick_block":31,"rating":"44%","ranking":24},
{"team":"Oilers","position":"K","name":"Tony Zendejas","number":"#7","kicking_ability":38,"avoid_kick_block":31,"rating":"44%","ranking":25},
{"team":"Falcons","position":"K","name":"Greg Davis","number":"#5","kicking_ability":25,"avoid_kick_block":50,"rating":"40%","ranking":26},
{"team":"Cardinals","position":"K","name":"Al Del Greco","number":"#17","kicking_ability":19,"avoid_kick_block":56,"rating":"37%","ranking":27},
{"team":"Rams","position":"K","name":"Mike Lansford","number":"#1","kicking_ability":19,"avoid_kick_block":25,"rating":"26%","ranking":28}]
