[{"team":"Giants","position":"ROLB","name":"Lawrence Taylor","number":"#56","running_speed":44,"rushing_power":56,"maximum_speed":69,"hitting_power":75,"pass_interceptions":31,"rating":"92%","ranking":1},
{"team":"Chiefs","position":"ROLB","name":"Derrick Thomas","number":"#58","running_speed":44,"rushing_power":56,"maximum_speed":63,"hitting_power":69,"pass_interceptions":19,"rating":"86%","ranking":2},
{"team":"Bears","position":"LILB","name":"Mike Singletary","number":"#50","running_speed":38,"rushing_power":50,"maximum_speed":56,"hitting_power":75,"pass_interceptions":19,"rating":"83%","ranking":3},
{"team":"Jets","position":"RILB","name":"Dennis Byrd","number":"#90","running_speed":38,"rushing_power":50,"maximum_speed":56,"hitting_power":69,"pass_interceptions":25,"rating":"82%","ranking":4},
{"team":"Steelers","position":"ROLB","name":"Greg Lloyd","number":"#95","running_speed":38,"rushing_power":50,"maximum_speed":56,"hitting_power":63,"pass_interceptions":31,"rating":"81%","ranking":5},
{"team":"Eagles","position":"RILB","name":"Jerome Brown","number":"#99","running_speed":38,"rushing_power":50,"maximum_speed":56,"hitting_power":69,"pass_interceptions":19,"rating":"80%","ranking":6},
{"team":"Rams","position":"LOLB","name":"Kevin Greene","number":"#91","running_speed":38,"rushing_power":50,"maximum_speed":56,"hitting_power":69,"pass_interceptions":19,"rating":"80%","ranking":7},
{"team":"Vikings","position":"RILB","name":"Keith Millard","number":"#75","running_speed":38,"rushing_power":50,"maximum_speed":56,"hitting_power":69,"pass_interceptions":19,"rating":"80%","ranking":8},
{"team":"Giants","position":"RILB","name":"Pepper Johnson","number":"#52","running_speed":38,"rushing_power":44,"maximum_speed":56,"hitting_power":69,"pass_interceptions":31,"rating":"79%","ranking":9},
{"team":"Bills","position":"LOLB","name":"C. Bennett","number":"#97","running_speed":38,"rushing_power":50,"maximum_speed":63,"hitting_power":63,"pass_interceptions":19,"rating":"79%","ranking":10},
{"team":"Chiefs","position":"LILB","name":"Percy Snow","number":"#59","running_speed":38,"rushing_power":50,"maximum_speed":56,"hitting_power":56,"pass_interceptions":31,"rating":"78%","ranking":11},
{"team":"49ers","position":"LOLB","name":"Charles Haley","number":"#94","running_speed":38,"rushing_power":50,"maximum_speed":56,"hitting_power":63,"pass_interceptions":19,"rating":"78%","ranking":12},
{"team":"Chargers","position":"ROLB","name":"Leslie O.Neal","number":"#91","running_speed":38,"rushing_power":50,"maximum_speed":56,"hitting_power":63,"pass_interceptions":19,"rating":"78%","ranking":13},
{"team":"Oilers","position":"LOLB","name":"Ray Childress","number":"#79","running_speed":38,"rushing_power":50,"maximum_speed":56,"hitting_power":63,"pass_interceptions":19,"rating":"78%","ranking":14},
{"team":"Lions","position":"ROLB","name":"Michael Cofer","number":"#55","running_speed":38,"rushing_power":50,"maximum_speed":56,"hitting_power":50,"pass_interceptions":31,"rating":"75%","ranking":15},
{"team":"Vikings","position":"ROLB","name":"M. Merriweather","number":"#57","running_speed":31,"rushing_power":44,"maximum_speed":50,"hitting_power":56,"pass_interceptions":44,"rating":"75%","ranking":16},
{"team":"Eagles","position":"LOLB","name":"Seth Joyner","number":"#59","running_speed":31,"rushing_power":44,"maximum_speed":50,"hitting_power":63,"pass_interceptions":31,"rating":"74%","ranking":17},
{"team":"Bengals","position":"ROLB","name":"James Francis","number":"#50","running_speed":31,"rushing_power":44,"maximum_speed":50,"hitting_power":69,"pass_interceptions":19,"rating":"74%","ranking":18},
{"team":"Browns","position":"LILB","name":"Mike Johnson","number":"#59","running_speed":31,"rushing_power":44,"maximum_speed":50,"hitting_power":69,"pass_interceptions":19,"rating":"74%","ranking":19},
{"team":"Jets","position":"LILB","name":"Kyle Clifton","number":"#59","running_speed":31,"rushing_power":44,"maximum_speed":50,"hitting_power":50,"pass_interceptions":50,"rating":"74%","ranking":20},
{"team":"Giants","position":"LOLB","name":"Carl Banks","number":"#58","running_speed":38,"rushing_power":44,"maximum_speed":50,"hitting_power":63,"pass_interceptions":19,"rating":"73%","ranking":21},
{"team":"Dolphins","position":"LILB","name":"John Offerdahl","number":"#56","running_speed":38,"rushing_power":50,"maximum_speed":56,"hitting_power":44,"pass_interceptions":31,"rating":"73%","ranking":22},
{"team":"Packers","position":"ROLB","name":"Tim Harris","number":"#97","running_speed":38,"rushing_power":50,"maximum_speed":56,"hitting_power":50,"pass_interceptions":19,"rating":"73%","ranking":23},
{"team":"Cardinals","position":"ROLB","name":"Ken Harvey","number":"#56","running_speed":31,"rushing_power":44,"maximum_speed":56,"hitting_power":63,"pass_interceptions":19,"rating":"72%","ranking":24},
{"team":"Steelers","position":"RILB","name":"David Little","number":"#50","running_speed":38,"rushing_power":44,"maximum_speed":56,"hitting_power":50,"pass_interceptions":31,"rating":"72%","ranking":25},
{"team":"Chiefs","position":"RILB","name":"Dino Hackett","number":"#56","running_speed":31,"rushing_power":44,"maximum_speed":50,"hitting_power":63,"pass_interceptions":19,"rating":"72%","ranking":26},
{"team":"Saints","position":"ROLB","name":"Pat Swilling","number":"#56","running_speed":31,"rushing_power":44,"maximum_speed":50,"hitting_power":63,"pass_interceptions":19,"rating":"72%","ranking":27},
{"team":"Saints","position":"RILB","name":"Vaughan Johnson","number":"#53","running_speed":31,"rushing_power":44,"maximum_speed":50,"hitting_power":63,"pass_interceptions":19,"rating":"72%","ranking":28},
{"team":"49ers","position":"LILB","name":"Matt Millen","number":"#54","running_speed":25,"rushing_power":38,"maximum_speed":50,"hitting_power":63,"pass_interceptions":31,"rating":"69%","ranking":29},
{"team":"Bills","position":"LILB","name":"Shane Conlan","number":"#58","running_speed":31,"rushing_power":44,"maximum_speed":50,"hitting_power":56,"pass_interceptions":19,"rating":"69%","ranking":30},
{"team":"Broncos","position":"ROLB","name":"Karl Mecklenburg","number":"#77","running_speed":31,"rushing_power":44,"maximum_speed":50,"hitting_power":56,"pass_interceptions":19,"rating":"69%","ranking":31},
{"team":"Cowboys","position":"RILB","name":"Eugene Lockhart","number":"#56","running_speed":31,"rushing_power":44,"maximum_speed":50,"hitting_power":56,"pass_interceptions":19,"rating":"69%","ranking":32},
{"team":"Lions","position":"LILB","name":"Chris Spielman","number":"#54","running_speed":31,"rushing_power":44,"maximum_speed":50,"hitting_power":56,"pass_interceptions":19,"rating":"69%","ranking":33},
{"team":"Chargers","position":"LILB","name":"Gary Plummer","number":"#50","running_speed":25,"rushing_power":38,"maximum_speed":44,"hitting_power":69,"pass_interceptions":19,"rating":"68%","ranking":34},
{"team":"Broncos","position":"LOLB","name":"Simon Fletcher","number":"#73","running_speed":38,"rushing_power":50,"maximum_speed":56,"hitting_power":38,"pass_interceptions":19,"rating":"68%","ranking":35},
{"team":"Bills","position":"ROLB","name":"Darryl Talley","number":"#56","running_speed":31,"rushing_power":44,"maximum_speed":50,"hitting_power":38,"pass_interceptions":44,"rating":"67%","ranking":36},
{"team":"Raiders","position":"RILB","name":"Scott Davis","number":"#70","running_speed":25,"rushing_power":38,"maximum_speed":44,"hitting_power":63,"pass_interceptions":25,"rating":"67%","ranking":37},
{"team":"49ers","position":"ROLB","name":"Bill Romanowski","number":"#53","running_speed":31,"rushing_power":44,"maximum_speed":50,"hitting_power":50,"pass_interceptions":19,"rating":"66%","ranking":38},
{"team":"Giants","position":"LILB","name":"Gary Reasons","number":"#55","running_speed":25,"rushing_power":38,"maximum_speed":44,"hitting_power":38,"pass_interceptions":63,"rating":"66%","ranking":39},
{"team":"Patriots","position":"ROLB","name":"Andre Tippett","number":"#56","running_speed":25,"rushing_power":38,"maximum_speed":44,"hitting_power":56,"pass_interceptions":31,"rating":"66%","ranking":40},
{"team":"Broncos","position":"RILB","name":"Michael Brooks","number":"#56","running_speed":25,"rushing_power":38,"maximum_speed":44,"hitting_power":56,"pass_interceptions":19,"rating":"63%","ranking":41},
{"team":"Cowboys","position":"LILB","name":"Jimmie Jones","number":"#97","running_speed":31,"rushing_power":31,"maximum_speed":50,"hitting_power":56,"pass_interceptions":19,"rating":"61%","ranking":42},
{"team":"Chiefs","position":"LOLB","name":"Chris Martin","number":"#57","running_speed":25,"rushing_power":38,"maximum_speed":44,"hitting_power":50,"pass_interceptions":19,"rating":"60%","ranking":43},
{"team":"Saints","position":"LILB","name":"Sam Mills","number":"#51","running_speed":25,"rushing_power":38,"maximum_speed":44,"hitting_power":50,"pass_interceptions":19,"rating":"60%","ranking":44},
{"team":"Browns","position":"ROLB","name":"Tony Blaylock","number":"#24","running_speed":25,"rushing_power":38,"maximum_speed":44,"hitting_power":38,"pass_interceptions":38,"rating":"60%","ranking":45},
{"team":"Dolphins","position":"LOLB","name":"David Griggs","number":"#92","running_speed":25,"rushing_power":38,"maximum_speed":44,"hitting_power":44,"pass_interceptions":25,"rating":"59%","ranking":46},
{"team":"Cowboys","position":"ROLB","name":"Ken Norton","number":"#51","running_speed":25,"rushing_power":38,"maximum_speed":44,"hitting_power":38,"pass_interceptions":31,"rating":"58%","ranking":47},
{"team":"Redskins","position":"ROLB","name":"Wilber Marshall","number":"#58","running_speed":25,"rushing_power":31,"maximum_speed":38,"hitting_power":50,"pass_interceptions":31,"rating":"58%","ranking":48},
{"team":"Seahawks","position":"ROLB","name":"Rufus Porter","number":"#97","running_speed":25,"rushing_power":38,"maximum_speed":44,"hitting_power":44,"pass_interceptions":19,"rating":"58%","ranking":49},
{"team":"Steelers","position":"LOLB","name":"Bryan Hinkle","number":"#53","running_speed":25,"rushing_power":38,"maximum_speed":44,"hitting_power":44,"pass_interceptions":19,"rating":"58%","ranking":50},
{"team":"Steelers","position":"LILB","name":"Hardy Nickerson","number":"#54","running_speed":25,"rushing_power":38,"maximum_speed":44,"hitting_power":44,"pass_interceptions":19,"rating":"58%","ranking":51},
{"team":"Bears","position":"RILB","name":"Dan Hampton","number":"#99","running_speed":25,"rushing_power":31,"maximum_speed":38,"hitting_power":56,"pass_interceptions":19,"rating":"57%","ranking":52},
{"team":"Seahawks","position":"RILB","name":"Cortez Kennedy","number":"#96","running_speed":25,"rushing_power":31,"maximum_speed":38,"hitting_power":56,"pass_interceptions":19,"rating":"57%","ranking":53},
{"team":"Colts","position":"ROLB","name":"Duane Bickett","number":"#50","running_speed":25,"rushing_power":31,"maximum_speed":38,"hitting_power":50,"pass_interceptions":25,"rating":"57%","ranking":54},
{"team":"Raiders","position":"LOLB","name":"Jerry Robinson","number":"#57","running_speed":25,"rushing_power":31,"maximum_speed":38,"hitting_power":38,"pass_interceptions":44,"rating":"56%","ranking":55},
{"team":"Raiders","position":"LILB","name":"Riki Ellison","number":"#50","running_speed":25,"rushing_power":31,"maximum_speed":38,"hitting_power":38,"pass_interceptions":44,"rating":"56%","ranking":56},
{"team":"Bears","position":"ROLB","name":"Jim Morrissey","number":"#51","running_speed":25,"rushing_power":31,"maximum_speed":38,"hitting_power":44,"pass_interceptions":31,"rating":"56%","ranking":57},
{"team":"Bears","position":"LOLB","name":"Ron Rivera","number":"#59","running_speed":25,"rushing_power":31,"maximum_speed":38,"hitting_power":44,"pass_interceptions":31,"rating":"56%","ranking":58},
{"team":"Eagles","position":"LILB","name":"Byron Evans","number":"#56","running_speed":25,"rushing_power":31,"maximum_speed":38,"hitting_power":44,"pass_interceptions":31,"rating":"56%","ranking":59},
{"team":"Browns","position":"LOLB","name":"Clay Matthews","number":"#57","running_speed":25,"rushing_power":38,"maximum_speed":44,"hitting_power":38,"pass_interceptions":19,"rating":"56%","ranking":60},
{"team":"Falcons","position":"LILB","name":"Jessie Tuggle","number":"#58","running_speed":25,"rushing_power":38,"maximum_speed":44,"hitting_power":38,"pass_interceptions":19,"rating":"56%","ranking":61},
{"team":"Oilers","position":"RILB","name":"Al Smith","number":"#54","running_speed":25,"rushing_power":38,"maximum_speed":44,"hitting_power":38,"pass_interceptions":19,"rating":"56%","ranking":62},
{"team":"Raiders","position":"ROLB","name":"Aaron Wallace","number":"#51","running_speed":25,"rushing_power":38,"maximum_speed":44,"hitting_power":38,"pass_interceptions":19,"rating":"56%","ranking":63},
{"team":"Redskins","position":"LOLB","name":"Andre Collins","number":"#55","running_speed":25,"rushing_power":38,"maximum_speed":44,"hitting_power":38,"pass_interceptions":19,"rating":"56%","ranking":64},
{"team":"Redskins","position":"LILB","name":"Tracy Rocker","number":"#99","running_speed":25,"rushing_power":31,"maximum_speed":38,"hitting_power":50,"pass_interceptions":19,"rating":"55%","ranking":65},
{"team":"Dolphins","position":"ROLB","name":"Hugh Green","number":"#55","running_speed":25,"rushing_power":31,"maximum_speed":38,"hitting_power":44,"pass_interceptions":25,"rating":"54%","ranking":66},
{"team":"Dolphins","position":"RILB","name":"Cliff Odom","number":"#93","running_speed":25,"rushing_power":31,"maximum_speed":38,"hitting_power":44,"pass_interceptions":25,"rating":"54%","ranking":67},
{"team":"Bengals","position":"LILB","name":"Carl Zander","number":"#91","running_speed":25,"rushing_power":31,"maximum_speed":38,"hitting_power":38,"pass_interceptions":31,"rating":"53%","ranking":68},
{"team":"Bills","position":"RILB","name":"Ray Bentley","number":"#50","running_speed":25,"rushing_power":31,"maximum_speed":38,"hitting_power":38,"pass_interceptions":31,"rating":"53%","ranking":69},
{"team":"Browns","position":"RILB","name":"David Grayson","number":"#56","running_speed":25,"rushing_power":31,"maximum_speed":38,"hitting_power":38,"pass_interceptions":31,"rating":"53%","ranking":70},
{"team":"Chargers","position":"LOLB","name":"Henry Rolling","number":"#57","running_speed":25,"rushing_power":31,"maximum_speed":38,"hitting_power":38,"pass_interceptions":31,"rating":"53%","ranking":71},
{"team":"Colts","position":"LOLB","name":"Chip Banks","number":"#51","running_speed":25,"rushing_power":31,"maximum_speed":31,"hitting_power":44,"pass_interceptions":25,"rating":"53%","ranking":72},
{"team":"Colts","position":"LILB","name":"Jeff Herrod","number":"#54","running_speed":25,"rushing_power":31,"maximum_speed":31,"hitting_power":44,"pass_interceptions":25,"rating":"53%","ranking":73},
{"team":"49ers","position":"RILB","name":"Keith Delong","number":"#59","running_speed":25,"rushing_power":31,"maximum_speed":38,"hitting_power":44,"pass_interceptions":19,"rating":"53%","ranking":74},
{"team":"Chargers","position":"RILB","name":"Junior Seau","number":"#55","running_speed":25,"rushing_power":31,"maximum_speed":38,"hitting_power":44,"pass_interceptions":19,"rating":"53%","ranking":75},
{"team":"Eagles","position":"ROLB","name":"Jessie Small","number":"#52","running_speed":25,"rushing_power":31,"maximum_speed":38,"hitting_power":44,"pass_interceptions":19,"rating":"53%","ranking":76},
{"team":"Redskins","position":"RILB","name":"Greg Manusky","number":"#91","running_speed":25,"rushing_power":31,"maximum_speed":38,"hitting_power":44,"pass_interceptions":19,"rating":"53%","ranking":77},
{"team":"Bengals","position":"LOLB","name":"Leon White","number":"#51","running_speed":25,"rushing_power":31,"maximum_speed":31,"hitting_power":38,"pass_interceptions":31,"rating":"52%","ranking":78},
{"team":"Cardinals","position":"LOLB","name":"Anthony Bell","number":"#55","running_speed":25,"rushing_power":31,"maximum_speed":31,"hitting_power":38,"pass_interceptions":31,"rating":"52%","ranking":79},
{"team":"Jets","position":"ROLB","name":"Joe Kelly","number":"#58","running_speed":25,"rushing_power":31,"maximum_speed":31,"hitting_power":44,"pass_interceptions":19,"rating":"52%","ranking":80},
{"team":"Jets","position":"LOLB","name":"Joe Mott","number":"#51","running_speed":25,"rushing_power":31,"maximum_speed":31,"hitting_power":44,"pass_interceptions":19,"rating":"52%","ranking":81},
{"team":"Packers","position":"LOLB","name":"Scott Stephen","number":"#54","running_speed":25,"rushing_power":31,"maximum_speed":31,"hitting_power":31,"pass_interceptions":38,"rating":"51%","ranking":82},
{"team":"Cardinals","position":"RILB","name":"Garth Jax","number":"#53","running_speed":25,"rushing_power":31,"maximum_speed":38,"hitting_power":31,"pass_interceptions":31,"rating":"50%","ranking":83},
{"team":"Oilers","position":"ROLB","name":"Johnny Meads","number":"#91","running_speed":25,"rushing_power":31,"maximum_speed":38,"hitting_power":31,"pass_interceptions":31,"rating":"50%","ranking":84},
{"team":"Bengals","position":"RILB","name":"Kevin Walker","number":"#59","running_speed":25,"rushing_power":31,"maximum_speed":38,"hitting_power":38,"pass_interceptions":19,"rating":"50%","ranking":85},
{"team":"Buccaneers","position":"LOLB","name":"Broderick Thomas","number":"#51","running_speed":25,"rushing_power":31,"maximum_speed":38,"hitting_power":38,"pass_interceptions":19,"rating":"50%","ranking":86},
{"team":"Cowboys","position":"LOLB","name":"Jack Del Rio","number":"#55","running_speed":25,"rushing_power":31,"maximum_speed":38,"hitting_power":38,"pass_interceptions":19,"rating":"50%","ranking":87},
{"team":"Falcons","position":"ROLB","name":"Darion Conner","number":"#56","running_speed":25,"rushing_power":31,"maximum_speed":38,"hitting_power":38,"pass_interceptions":19,"rating":"50%","ranking":88},
{"team":"Falcons","position":"RILB","name":"John Rade","number":"#59","running_speed":25,"rushing_power":31,"maximum_speed":38,"hitting_power":38,"pass_interceptions":19,"rating":"50%","ranking":89},
{"team":"Falcons","position":"LOLB","name":"Michael Reid","number":"#95","running_speed":25,"rushing_power":31,"maximum_speed":38,"hitting_power":38,"pass_interceptions":19,"rating":"50%","ranking":90},
{"team":"Patriots","position":"RILB","name":"Ed Reynolds","number":"#95","running_speed":25,"rushing_power":31,"maximum_speed":38,"hitting_power":38,"pass_interceptions":19,"rating":"50%","ranking":91},
{"team":"Rams","position":"ROLB","name":"Mike Wilcher","number":"#54","running_speed":25,"rushing_power":31,"maximum_speed":38,"hitting_power":38,"pass_interceptions":19,"rating":"50%","ranking":92},
{"team":"Rams","position":"RILB","name":"Fred Strickland","number":"#53","running_speed":25,"rushing_power":31,"maximum_speed":38,"hitting_power":38,"pass_interceptions":19,"rating":"50%","ranking":93},
{"team":"Saints","position":"LOLB","name":"Rickey Jackson","number":"#57","running_speed":25,"rushing_power":31,"maximum_speed":38,"hitting_power":38,"pass_interceptions":19,"rating":"50%","ranking":94},
{"team":"Seahawks","position":"LOLB","name":"Terry Wooden","number":"#51","running_speed":25,"rushing_power":31,"maximum_speed":38,"hitting_power":38,"pass_interceptions":19,"rating":"50%","ranking":95},
{"team":"Seahawks","position":"LILB","name":"David Wyman","number":"#92","running_speed":25,"rushing_power":31,"maximum_speed":38,"hitting_power":38,"pass_interceptions":19,"rating":"50%","ranking":96},
{"team":"Buccaneers","position":"RILB","name":"Winston Moss","number":"#58","running_speed":25,"rushing_power":31,"maximum_speed":31,"hitting_power":31,"pass_interceptions":31,"rating":"49%","ranking":97},
{"team":"Packers","position":"RILB","name":"Johnny Holland","number":"#50","running_speed":25,"rushing_power":31,"maximum_speed":31,"hitting_power":31,"pass_interceptions":31,"rating":"49%","ranking":98},
{"team":"Cardinals","position":"LILB","name":"Eric Hill","number":"#58","running_speed":25,"rushing_power":31,"maximum_speed":31,"hitting_power":38,"pass_interceptions":19,"rating":"49%","ranking":99},
{"team":"Patriots","position":"LOLB","name":"Chris Singleton","number":"#55","running_speed":25,"rushing_power":31,"maximum_speed":31,"hitting_power":38,"pass_interceptions":19,"rating":"49%","ranking":100},
{"team":"Patriots","position":"LILB","name":"Richard Harvey","number":"#58","running_speed":25,"rushing_power":31,"maximum_speed":31,"hitting_power":38,"pass_interceptions":19,"rating":"49%","ranking":101},
{"team":"Colts","position":"RILB","name":"Fredd Young","number":"#56","running_speed":25,"rushing_power":31,"maximum_speed":31,"hitting_power":31,"pass_interceptions":25,"rating":"48%","ranking":102},
{"team":"Broncos","position":"LILB","name":"Marc Munford","number":"#51","running_speed":25,"rushing_power":31,"maximum_speed":38,"hitting_power":31,"pass_interceptions":19,"rating":"47%","ranking":103},
{"team":"Buccaneers","position":"ROLB","name":"Kevin Murphy","number":"#59","running_speed":25,"rushing_power":31,"maximum_speed":38,"hitting_power":31,"pass_interceptions":19,"rating":"47%","ranking":104},
{"team":"Oilers","position":"LILB","name":"John Grimsley","number":"#59","running_speed":25,"rushing_power":31,"maximum_speed":38,"hitting_power":31,"pass_interceptions":19,"rating":"47%","ranking":105},
{"team":"Rams","position":"LILB","name":"Frank Stams","number":"#50","running_speed":25,"rushing_power":31,"maximum_speed":38,"hitting_power":31,"pass_interceptions":19,"rating":"47%","ranking":106},
{"team":"Buccaneers","position":"LILB","name":"Eugene Marve","number":"#99","running_speed":25,"rushing_power":31,"maximum_speed":31,"hitting_power":31,"pass_interceptions":19,"rating":"46%","ranking":107},
{"team":"Lions","position":"RILB","name":"Dennis Gibson","number":"#98","running_speed":25,"rushing_power":31,"maximum_speed":31,"hitting_power":31,"pass_interceptions":19,"rating":"46%","ranking":108},
{"team":"Packers","position":"LILB","name":"Brian Noble","number":"#91","running_speed":25,"rushing_power":31,"maximum_speed":31,"hitting_power":31,"pass_interceptions":19,"rating":"46%","ranking":109},
{"team":"Vikings","position":"LOLB","name":"Ray Berry","number":"#50","running_speed":25,"rushing_power":31,"maximum_speed":31,"hitting_power":31,"pass_interceptions":19,"rating":"46%","ranking":110},
{"team":"Vikings","position":"LILB","name":"Scott Studwell","number":"#55","running_speed":25,"rushing_power":31,"maximum_speed":31,"hitting_power":31,"pass_interceptions":19,"rating":"46%","ranking":111},
{"team":"Lions","position":"LOLB","name":"George Jamison","number":"#58","running_speed":25,"rushing_power":31,"maximum_speed":31,"hitting_power":25,"pass_interceptions":19,"rating":"44%","ranking":112}]
