{
  "full_name": "Detroit Lions",
  "short_name": "lions",
  "players": [
    {"team":"Lions","position":"QB1","name":"Rodney Peete","number":"#9","maximum_speed":31,"passing_speed":38,"pass_control":44,"avoid_pass_block":25,"rating":"52%","ranking":16},
    {"team":"Lions","position":"QB2","name":"Andre Ware","number":"#11","maximum_speed":25,"passing_speed":44,"pass_control":38,"avoid_pass_block":44,"rating":"48%","ranking":19},
    {"team":"Lions","position":"RB1","name":"Barry Sanders","number":"#20","running_speed":38,"maximum_speed":69,"kick_return_maximum_speed":25,"punt_return_maximum_speed":56,"hitting_power":25,"ball_control":69,"receptions":44,"rushing_rating":"77%","rushing_ranking":3,"receiving_rating":"65%","receiving_ranking":34,"kick_return_rating":"55%","kick_return_ranking":93,"punt_return_rating":"69%","punt_return_ranking":48},
    {"team":"Lions","position":"RB2","name":"James Wilder","number":"#34","running_speed":44,"maximum_speed":31,"kick_return_maximum_speed":25,"punt_return_maximum_speed":56,"hitting_power":25,"ball_control":50,"receptions":25,"rushing_rating":"41%","rushing_ranking":149,"receiving_rating":"38%","receiving_ranking":234,"kick_return_rating":"54%","kick_return_ranking":105,"punt_return_rating":"71%","punt_return_ranking":42},
    {"team":"Lions","position":"RB3","name":"Mel Gray","number":"#23","running_speed":38,"maximum_speed":56,"kick_return_maximum_speed":25,"punt_return_maximum_speed":56,"hitting_power":19,"ball_control":50,"receptions":50,"rushing_rating":"64%","rushing_ranking":23,"receiving_rating":"62%","receiving_ranking":43,"kick_return_rating":"52%","kick_return_ranking":122,"punt_return_rating":"69%","punt_return_ranking":53},
    {"team":"Lions","position":"RB4","name":"Willie Green","number":"#86","running_speed":38,"maximum_speed":38,"kick_return_maximum_speed":25,"punt_return_maximum_speed":56,"hitting_power":13,"ball_control":50,"receptions":31,"rushing_rating":"46%","rushing_ranking":109,"receiving_rating":"43%","receiving_ranking":181,"kick_return_rating":"52%","kick_return_ranking":141,"punt_return_rating":"69%","punt_return_ranking":59},
    {"team":"Lions","position":"WR1","name":"Aubrey Matthews","number":"#83","running_speed":25,"maximum_speed":19,"kick_return_maximum_speed":25,"punt_return_maximum_speed":56,"hitting_power":13,"ball_control":50,"receptions":50,"rushing_rating":"28%","rushing_ranking":248,"receiving_rating":"46%","receiving_ranking":157,"kick_return_rating":"48%","kick_return_ranking":208,"punt_return_rating":"65%","punt_return_ranking":81},
    {"team":"Lions","position":"WR2","name":"Richard Johnson","number":"#84","running_speed":25,"maximum_speed":19,"kick_return_maximum_speed":25,"punt_return_maximum_speed":56,"hitting_power":13,"ball_control":50,"receptions":75,"rushing_rating":"29%","rushing_ranking":243,"receiving_rating":"61%","receiving_ranking":47,"kick_return_rating":"48%","kick_return_ranking":193,"punt_return_rating":"65%","punt_return_ranking":75},
    {"team":"Lions","position":"WR3","name":"Robert Clark","number":"#82","running_speed":38,"maximum_speed":44,"kick_return_maximum_speed":25,"punt_return_maximum_speed":56,"hitting_power":13,"ball_control":50,"receptions":69,"rushing_rating":"54%","rushing_ranking":50,"receiving_rating":"69%","receiving_ranking":17,"kick_return_rating":"52%","kick_return_ranking":117,"punt_return_rating":"69%","punt_return_ranking":50},
    {"team":"Lions","position":"WR4","name":"Terry Greer","number":"#89","running_speed":31,"maximum_speed":31,"kick_return_maximum_speed":25,"punt_return_maximum_speed":56,"hitting_power":13,"ball_control":50,"receptions":44,"rushing_rating":"40%","rushing_ranking":170,"receiving_rating":"48%","receiving_ranking":141,"kick_return_rating":"50%","kick_return_ranking":187,"punt_return_rating":"67%","punt_return_ranking":69},
    {"team":"Lions","position":"WR5","name":"Jeff Campbell","number":"#87","running_speed":25,"maximum_speed":25,"kick_return_maximum_speed":25,"punt_return_maximum_speed":56,"hitting_power":13,"ball_control":50,"receptions":44,"rushing_rating":"33%","rushing_ranking":230,"receiving_rating":"44%","receiving_ranking":172,"kick_return_rating":"48%","kick_return_ranking":215,"punt_return_rating":"65%","punt_return_ranking":83},
    {"team":"Lions","position":"WR6","name":"Mike Farr","number":"#81","running_speed":25,"maximum_speed":25,"kick_return_maximum_speed":25,"punt_return_maximum_speed":56,"hitting_power":13,"ball_control":50,"receptions":44,"rushing_rating":"33%","rushing_ranking":231,"receiving_rating":"44%","receiving_ranking":173,"kick_return_rating":"48%","kick_return_ranking":216,"punt_return_rating":"65%","punt_return_ranking":84},
    {"team":"Lions","position":"C","name":"Kevin Glover","number":"#53","maximum_speed":31,"hitting_power":44,"rating":"58%","ranking":98},
    {"team":"Lions","position":"LG","name":"Eric Andolsek","number":"#65","maximum_speed":31,"hitting_power":50,"rating":"62%","ranking":73},
    {"team":"Lions","position":"RG","name":"Ken Dallafior","number":"#67","maximum_speed":31,"hitting_power":38,"rating":"54%","ranking":128},
    {"team":"Lions","position":"LT","name":"Lomas Brown","number":"#75","maximum_speed":38,"hitting_power":56,"rating":"73%","ranking":29},
    {"team":"Lions","position":"RT","name":"Harvey Salem","number":"#73","maximum_speed":25,"hitting_power":50,"rating":"56%","ranking":116},
    {"team":"Lions","position":"RE","name":"Dan Owens","number":"#70","running_speed":25,"rushing_power":31,"maximum_speed":38,"hitting_power":56,"pass_interceptions":19,"rating":"59%","ranking":38},
    {"team":"Lions","position":"NT","name":"Jerry Ball","number":"#93","running_speed":31,"rushing_power":44,"maximum_speed":44,"hitting_power":69,"pass_interceptions":19,"rating":"75%","ranking":11},
    {"team":"Lions","position":"LE","name":"Keith Ferguson","number":"#77","running_speed":25,"rushing_power":31,"maximum_speed":25,"hitting_power":31,"pass_interceptions":19,"rating":"44%","ranking":84},
    {"team":"Lions","position":"ROLB","name":"Michael Cofer","number":"#55","running_speed":38,"rushing_power":50,"maximum_speed":56,"hitting_power":50,"pass_interceptions":31,"rating":"75%","ranking":15},
    {"team":"Lions","position":"RILB","name":"Dennis Gibson","number":"#98","running_speed":25,"rushing_power":31,"maximum_speed":31,"hitting_power":31,"pass_interceptions":19,"rating":"46%","ranking":108},
    {"team":"Lions","position":"LILB","name":"Chris Spielman","number":"#54","running_speed":31,"rushing_power":44,"maximum_speed":50,"hitting_power":56,"pass_interceptions":19,"rating":"69%","ranking":33},
    {"team":"Lions","position":"LOLB","name":"George Jamison","number":"#58","running_speed":25,"rushing_power":31,"maximum_speed":31,"hitting_power":25,"pass_interceptions":19,"rating":"44%","ranking":112},
    {"team":"Lions","position":"RCB","name":"Leroy Irvin","number":"#47","running_speed":25,"rushing_power":31,"maximum_speed":25,"hitting_power":25,"pass_interceptions":38,"rating":"47%","ranking":105},
    {"team":"Lions","position":"LCB","name":"Ray Crockett","number":"#39","running_speed":31,"rushing_power":38,"maximum_speed":50,"hitting_power":50,"pass_interceptions":50,"rating":"63%","ranking":45},
    {"team":"Lions","position":"FS","name":"Bennie Blades","number":"#36","running_speed":25,"rushing_power":31,"maximum_speed":38,"hitting_power":50,"pass_interceptions":44,"rating":"53%","ranking":86},
    {"team":"Lions","position":"SS","name":"William White","number":"#35","running_speed":38,"rushing_power":44,"maximum_speed":56,"hitting_power":56,"pass_interceptions":56,"rating":"72%","ranking":22},
    {"team":"Lions","position":"K","name":"Eddie Murray","number":"#3","kicking_ability":31,"avoid_kick_block":50,"rating":"45%","ranking":23},
    {"team":"Lions","position":"P","name":"Jim Arnold","number":"#6","kicking_ability":50,"avoid_kick_block":56,"rating":"64%","ranking":12}
  ]
}

