{
  "full_name": "Houston Oilers",
  "short_name": "oilers",
  "players": [
    {"team":"Oilers","position":"QB1","name":"Warren Moon","number":"#1","maximum_speed":19,"passing_speed":69,"pass_control":75,"avoid_pass_block":63,"rating":"76%","ranking":3},
    {"team":"Oilers","position":"QB2","name":"Cody Carlson","number":"#14","maximum_speed":13,"passing_speed":44,"pass_control":31,"avoid_pass_block":44,"rating":"39%","ranking":50},
    {"team":"Oilers","position":"RB1","name":"Lorenzo White","number":"#44","running_speed":38,"maximum_speed":44,"kick_return_maximum_speed":25,"punt_return_maximum_speed":44,"hitting_power":38,"ball_control":19,"receptions":44,"rushing_rating":"51%","rushing_ranking":73,"receiving_rating":"52%","receiving_ranking":90,"kick_return_rating":"49%","kick_return_ranking":189,"punt_return_rating":"57%","punt_return_ranking":194},
    {"team":"Oilers","position":"RB2","name":"Allen Pinkett","number":"#20","running_speed":38,"maximum_speed":38,"kick_return_maximum_speed":25,"punt_return_maximum_speed":44,"hitting_power":25,"ball_control":81,"receptions":25,"rushing_rating":"48%","rushing_ranking":84,"receiving_rating":"42%","receiving_ranking":199,"kick_return_rating":"56%","kick_return_ranking":89,"punt_return_rating":"57%","punt_return_ranking":178},
    {"team":"Oilers","position":"RB3","name":"Victor Jones","number":"#37","running_speed":38,"maximum_speed":38,"kick_return_maximum_speed":25,"punt_return_maximum_speed":44,"hitting_power":25,"ball_control":81,"receptions":25,"rushing_rating":"48%","rushing_ranking":85,"receiving_rating":"42%","receiving_ranking":200,"kick_return_rating":"56%","kick_return_ranking":90,"punt_return_rating":"57%","punt_return_ranking":179},
    {"team":"Oilers","position":"RB4","name":"Doug Lloyd","number":"#35","running_speed":38,"maximum_speed":38,"kick_return_maximum_speed":25,"punt_return_maximum_speed":44,"hitting_power":25,"ball_control":81,"receptions":25,"rushing_rating":"48%","rushing_ranking":86,"receiving_rating":"42%","receiving_ranking":201,"kick_return_rating":"56%","kick_return_ranking":91,"punt_return_rating":"57%","punt_return_ranking":180},
    {"team":"Oilers","position":"WR1","name":"Ernest Givins","number":"#81","running_speed":44,"maximum_speed":56,"kick_return_maximum_speed":25,"punt_return_maximum_speed":44,"hitting_power":13,"ball_control":81,"receptions":75,"rushing_rating":"69%","rushing_ranking":14,"receiving_rating":"81%","receiving_ranking":5,"kick_return_rating":"58%","kick_return_ranking":64,"punt_return_rating":"59%","punt_return_ranking":159},
    {"team":"Oilers","position":"WR2","name":"Haywood Jeffries","number":"#84","running_speed":38,"maximum_speed":50,"kick_return_maximum_speed":25,"punt_return_maximum_speed":44,"hitting_power":13,"ball_control":81,"receptions":75,"rushing_rating":"62%","rushing_ranking":29,"receiving_rating":"77%","receiving_ranking":8,"kick_return_rating":"56%","kick_return_ranking":82,"punt_return_rating":"57%","punt_return_ranking":171},
    {"team":"Oilers","position":"WR3","name":"Drew Hill","number":"#85","running_speed":44,"maximum_speed":63,"kick_return_maximum_speed":25,"punt_return_maximum_speed":44,"hitting_power":13,"ball_control":81,"receptions":75,"rushing_rating":"75%","rushing_ranking":4,"receiving_rating":"83%","receiving_ranking":2,"kick_return_rating":"58%","kick_return_ranking":63,"punt_return_rating":"59%","punt_return_ranking":158},
    {"team":"Oilers","position":"WR4","name":"Curtis Duncan","number":"#80","running_speed":38,"maximum_speed":50,"kick_return_maximum_speed":25,"punt_return_maximum_speed":44,"hitting_power":13,"ball_control":81,"receptions":63,"rushing_rating":"62%","rushing_ranking":31,"receiving_rating":"70%","receiving_ranking":13,"kick_return_rating":"56%","kick_return_ranking":84,"punt_return_rating":"57%","punt_return_ranking":173},
    {"team":"Oilers","position":"WR5","name":"Tony Jones","number":"#82","running_speed":25,"maximum_speed":19,"kick_return_maximum_speed":25,"punt_return_maximum_speed":44,"hitting_power":13,"ball_control":81,"receptions":50,"rushing_rating":"30%","rushing_ranking":241,"receiving_rating":"47%","receiving_ranking":144,"kick_return_rating":"52%","kick_return_ranking":161,"punt_return_rating":"53%","punt_return_ranking":219},
    {"team":"Oilers","position":"WR6","name":"Gerald Mcneil","number":"#89","running_speed":25,"maximum_speed":44,"kick_return_maximum_speed":25,"punt_return_maximum_speed":44,"hitting_power":13,"ball_control":81,"receptions":44,"rushing_rating":"53%","rushing_ranking":61,"receiving_rating":"54%","receiving_ranking":78,"kick_return_rating":"52%","kick_return_ranking":160,"punt_return_rating":"53%","punt_return_ranking":218},
    {"team":"Oilers","position":"C","name":"Jay Pennison","number":"#52","maximum_speed":31,"hitting_power":50,"rating":"62%","ranking":74},
    {"team":"Oilers","position":"LG","name":"Mike Munchak","number":"#63","maximum_speed":31,"hitting_power":63,"rating":"70%","ranking":39},
    {"team":"Oilers","position":"RG","name":"Bruce Matthews","number":"#74","maximum_speed":44,"hitting_power":69,"rating":"87%","ranking":5},
    {"team":"Oilers","position":"LT","name":"Don Maggs","number":"#78","maximum_speed":25,"hitting_power":50,"rating":"56%","ranking":117},
    {"team":"Oilers","position":"RT","name":"Dean Steinkuhler","number":"#70","maximum_speed":25,"hitting_power":50,"rating":"56%","ranking":118},
    {"team":"Oilers","position":"RE","name":"Sean Jones","number":"#96","running_speed":38,"rushing_power":50,"maximum_speed":56,"hitting_power":56,"pass_interceptions":19,"rating":"74%","ranking":12},
    {"team":"Oilers","position":"NT","name":"Doug Smith","number":"#99","running_speed":25,"rushing_power":31,"maximum_speed":38,"hitting_power":50,"pass_interceptions":19,"rating":"56%","ranking":61},
    {"team":"Oilers","position":"LE","name":"William Fuller","number":"#95","running_speed":25,"rushing_power":38,"maximum_speed":50,"hitting_power":56,"pass_interceptions":19,"rating":"64%","ranking":29},
    {"team":"Oilers","position":"ROLB","name":"Johnny Meads","number":"#91","running_speed":25,"rushing_power":31,"maximum_speed":38,"hitting_power":31,"pass_interceptions":31,"rating":"50%","ranking":84},
    {"team":"Oilers","position":"RILB","name":"Al Smith","number":"#54","running_speed":25,"rushing_power":38,"maximum_speed":44,"hitting_power":38,"pass_interceptions":19,"rating":"56%","ranking":62},
    {"team":"Oilers","position":"LILB","name":"John Grimsley","number":"#59","running_speed":25,"rushing_power":31,"maximum_speed":38,"hitting_power":31,"pass_interceptions":19,"rating":"47%","ranking":105},
    {"team":"Oilers","position":"LOLB","name":"Ray Childress","number":"#79","running_speed":38,"rushing_power":50,"maximum_speed":56,"hitting_power":63,"pass_interceptions":19,"rating":"78%","ranking":14},
    {"team":"Oilers","position":"RCB","name":"Richard Johnson","number":"#23","running_speed":38,"rushing_power":50,"maximum_speed":63,"hitting_power":44,"pass_interceptions":75,"rating":"85%","ranking":4},
    {"team":"Oilers","position":"LCB","name":"Cris Dishman","number":"#28","running_speed":25,"rushing_power":31,"maximum_speed":44,"hitting_power":31,"pass_interceptions":56,"rating":"59%","ranking":63},
    {"team":"Oilers","position":"FS","name":"Terry Kinard","number":"#27","running_speed":31,"rushing_power":38,"maximum_speed":50,"hitting_power":44,"pass_interceptions":56,"rating":"65%","ranking":37},
    {"team":"Oilers","position":"SS","name":"Bubba Mcdowell","number":"#25","running_speed":25,"rushing_power":31,"maximum_speed":44,"hitting_power":44,"pass_interceptions":50,"rating":"56%","ranking":69},
    {"team":"Oilers","position":"K","name":"Tony Zendejas","number":"#7","kicking_ability":38,"avoid_kick_block":31,"rating":"44%","ranking":25},
    {"team":"Oilers","position":"P","name":"Greg Montgomery","number":"#9","kicking_ability":69,"avoid_kick_block":56,"rating":"80%","ranking":7}
  ]
}

