[{"team":"Vikings","position":"LG","name":"Randall Mcdaniel","number":"#64","maximum_speed":50,"hitting_power":69,"rating":"93%","ranking":1},
{"team":"Bears","position":"C","name":"Jay Hilgenberg","number":"#63","maximum_speed":50,"hitting_power":63,"rating":"89%","ranking":2},
{"team":"Cardinals","position":"LT","name":"Luis Sharpe","number":"#67","maximum_speed":50,"hitting_power":63,"rating":"89%","ranking":3},
{"team":"Bears","position":"LG","name":"Mark Bortz","number":"#62","maximum_speed":44,"hitting_power":69,"rating":"87%","ranking":4},
{"team":"Oilers","position":"RG","name":"Bruce Matthews","number":"#74","maximum_speed":44,"hitting_power":69,"rating":"87%","ranking":5},
{"team":"Raiders","position":"LG","name":"Steve Wisniewski","number":"#76","maximum_speed":44,"hitting_power":69,"rating":"87%","ranking":6},
{"team":"Saints","position":"RT","name":"Stan Brock","number":"#67","maximum_speed":44,"hitting_power":69,"rating":"87%","ranking":7},
{"team":"Steelers","position":"RT","name":"Tunch Ilkin","number":"#62","maximum_speed":44,"hitting_power":69,"rating":"87%","ranking":8},
{"team":"Bengals","position":"LT","name":"Anthony Munoz","number":"#78","maximum_speed":38,"hitting_power":75,"rating":"84%","ranking":9},
{"team":"Dolphins","position":"LT","name":"Richmond Webb","number":"#78","maximum_speed":38,"hitting_power":75,"rating":"84%","ranking":10},
{"team":"Raiders","position":"LT","name":"Bruce Wilkerson","number":"#68","maximum_speed":50,"hitting_power":50,"rating":"81%","ranking":11},
{"team":"Bills","position":"C","name":"Kent Hull","number":"#67","maximum_speed":38,"hitting_power":69,"rating":"81%","ranking":12},
{"team":"Chiefs","position":"C","name":"Mike Webster","number":"#53","maximum_speed":38,"hitting_power":69,"rating":"81%","ranking":13},
{"team":"Patriots","position":"LT","name":"Bruce Armstrong","number":"#78","maximum_speed":38,"hitting_power":69,"rating":"81%","ranking":14},
{"team":"Redskins","position":"C","name":"Jeff Bostic","number":"#53","maximum_speed":38,"hitting_power":69,"rating":"81%","ranking":15},
{"team":"49ers","position":"C","name":"Jesse Sapolu","number":"#61","maximum_speed":38,"hitting_power":63,"rating":"77%","ranking":16},
{"team":"Dolphins","position":"RG","name":"Harry Galbreath","number":"#62","maximum_speed":38,"hitting_power":63,"rating":"77%","ranking":17},
{"team":"Rams","position":"C","name":"Doug Smith","number":"#56","maximum_speed":38,"hitting_power":63,"rating":"77%","ranking":18},
{"team":"Vikings","position":"C","name":"Kirk Lowdermilk","number":"#63","maximum_speed":38,"hitting_power":63,"rating":"77%","ranking":19},
{"team":"Falcons","position":"RG","name":"Bill Fralic","number":"#79","maximum_speed":44,"hitting_power":50,"rating":"75%","ranking":20},
{"team":"Saints","position":"C","name":"Joel Hilgenberg","number":"#61","maximum_speed":44,"hitting_power":50,"rating":"75%","ranking":21},
{"team":"Seahawks","position":"LT","name":"Andy Heck","number":"#66","maximum_speed":44,"hitting_power":50,"rating":"75%","ranking":22},
{"team":"Dolphins","position":"C","name":"Jeff Uhlenhake","number":"#63","maximum_speed":31,"hitting_power":69,"rating":"74%","ranking":23},
{"team":"Falcons","position":"RT","name":"Chris Hinton","number":"#71","maximum_speed":31,"hitting_power":69,"rating":"74%","ranking":24},
{"team":"Redskins","position":"LT","name":"Jim Lachey","number":"#79","maximum_speed":31,"hitting_power":69,"rating":"74%","ranking":25},
{"team":"Saints","position":"LG","name":"Jim Dombrowski","number":"#72","maximum_speed":31,"hitting_power":69,"rating":"74%","ranking":26},
{"team":"Vikings","position":"LT","name":"Gary Zimmerman","number":"#65","maximum_speed":31,"hitting_power":69,"rating":"74%","ranking":27},
{"team":"Bills","position":"LG","name":"Jim Ritcher","number":"#51","maximum_speed":38,"hitting_power":56,"rating":"73%","ranking":28},
{"team":"Lions","position":"LT","name":"Lomas Brown","number":"#75","maximum_speed":38,"hitting_power":56,"rating":"73%","ranking":29},
{"team":"Redskins","position":"LG","name":"Russ Grimm","number":"#68","maximum_speed":38,"hitting_power":56,"rating":"73%","ranking":30},
{"team":"Redskins","position":"RG","name":"Raleigh Mckenzie","number":"#63","maximum_speed":38,"hitting_power":56,"rating":"73%","ranking":31},
{"team":"Steelers","position":"C","name":"Dermontti Dawson","number":"#63","maximum_speed":38,"hitting_power":56,"rating":"73%","ranking":32},
{"team":"Cowboys","position":"RT","name":"Nate Newton","number":"#61","maximum_speed":25,"hitting_power":75,"rating":"71%","ranking":33},
{"team":"Giants","position":"LT","name":"John Elliott","number":"#76","maximum_speed":25,"hitting_power":75,"rating":"71%","ranking":34},
{"team":"Broncos","position":"RG","name":"Doug Widell","number":"#67","maximum_speed":44,"hitting_power":44,"rating":"71%","ranking":35},
{"team":"49ers","position":"RT","name":"Steve Wallace","number":"#74","maximum_speed":31,"hitting_power":63,"rating":"70%","ranking":36},
{"team":"Bengals","position":"LG","name":"Bruce Reimers","number":"#75","maximum_speed":31,"hitting_power":63,"rating":"70%","ranking":37},
{"team":"Giants","position":"RG","name":"Eric Moore","number":"#60","maximum_speed":31,"hitting_power":63,"rating":"70%","ranking":38},
{"team":"Oilers","position":"LG","name":"Mike Munchak","number":"#63","maximum_speed":31,"hitting_power":63,"rating":"70%","ranking":39},
{"team":"Rams","position":"RT","name":"Jackie Slater","number":"#78","maximum_speed":31,"hitting_power":63,"rating":"70%","ranking":40},
{"team":"Chiefs","position":"LT","name":"John Alt","number":"#76","maximum_speed":19,"hitting_power":81,"rating":"69%","ranking":41},
{"team":"Bears","position":"RG","name":"Tom Thayer","number":"#57","maximum_speed":38,"hitting_power":50,"rating":"69%","ranking":42},
{"team":"Chargers","position":"LG","name":"Courtney Hall","number":"#53","maximum_speed":38,"hitting_power":50,"rating":"69%","ranking":43},
{"team":"Chiefs","position":"LG","name":"David Szott","number":"#79","maximum_speed":38,"hitting_power":50,"rating":"69%","ranking":44},
{"team":"Giants","position":"C","name":"Bart Oates","number":"#65","maximum_speed":38,"hitting_power":50,"rating":"69%","ranking":45},
{"team":"Chargers","position":"RG","name":"David Richards","number":"#65","maximum_speed":25,"hitting_power":69,"rating":"68%","ranking":46},
{"team":"Chiefs","position":"RT","name":"Rich Baldinger","number":"#77","maximum_speed":25,"hitting_power":69,"rating":"68%","ranking":47},
{"team":"Dolphins","position":"LG","name":"Keith Sims","number":"#69","maximum_speed":25,"hitting_power":69,"rating":"68%","ranking":48},
{"team":"Bengals","position":"C","name":"Bruce Kozerski","number":"#64","maximum_speed":31,"hitting_power":56,"rating":"66%","ranking":49},
{"team":"Chargers","position":"C","name":"Frank Cornish","number":"#63","maximum_speed":31,"hitting_power":56,"rating":"66%","ranking":50},
{"team":"Giants","position":"LG","name":"William Roberts","number":"#66","maximum_speed":31,"hitting_power":56,"rating":"66%","ranking":51},
{"team":"Raiders","position":"RG","name":"Max Montoya","number":"#65","maximum_speed":31,"hitting_power":56,"rating":"66%","ranking":52},
{"team":"Seahawks","position":"C","name":"Grant Feasel","number":"#54","maximum_speed":31,"hitting_power":56,"rating":"66%","ranking":53},
{"team":"Broncos","position":"C","name":"Keith Kartz","number":"#72","maximum_speed":38,"hitting_power":44,"rating":"65%","ranking":54},
{"team":"Broncos","position":"LG","name":"Jim Juriga","number":"#66","maximum_speed":38,"hitting_power":44,"rating":"65%","ranking":55},
{"team":"Browns","position":"C","name":"Mike Baab","number":"#61","maximum_speed":38,"hitting_power":44,"rating":"65%","ranking":56},
{"team":"Jets","position":"C","name":"Jim Sweeney","number":"#53","maximum_speed":38,"hitting_power":44,"rating":"65%","ranking":57},
{"team":"Packers","position":"LG","name":"Rich Moran","number":"#57","maximum_speed":38,"hitting_power":44,"rating":"65%","ranking":58},
{"team":"Seahawks","position":"LG","name":"Edwin Bailey","number":"#65","maximum_speed":38,"hitting_power":44,"rating":"65%","ranking":59},
{"team":"Steelers","position":"LG","name":"B. Blankenship","number":"#60","maximum_speed":38,"hitting_power":44,"rating":"65%","ranking":60},
{"team":"Steelers","position":"RG","name":"Terry Long","number":"#74","maximum_speed":38,"hitting_power":44,"rating":"65%","ranking":61},
{"team":"Bills","position":"RG","name":"John Davis","number":"#65","maximum_speed":25,"hitting_power":63,"rating":"64%","ranking":62},
{"team":"Chargers","position":"LT","name":"Joel Patten","number":"#78","maximum_speed":25,"hitting_power":63,"rating":"64%","ranking":63},
{"team":"Rams","position":"LT","name":"Irv Pankey","number":"#75","maximum_speed":25,"hitting_power":63,"rating":"64%","ranking":64},
{"team":"Redskins","position":"RT","name":"Ed Simmons","number":"#76","maximum_speed":25,"hitting_power":63,"rating":"64%","ranking":65},
{"team":"49ers","position":"LG","name":"Guy Mcintyre","number":"#62","maximum_speed":31,"hitting_power":50,"rating":"62%","ranking":66},
{"team":"Bears","position":"LT","name":"Jim Covert","number":"#74","maximum_speed":31,"hitting_power":50,"rating":"62%","ranking":67},
{"team":"Bears","position":"RT","name":"Keith Van Horne","number":"#78","maximum_speed":31,"hitting_power":50,"rating":"62%","ranking":68},
{"team":"Browns","position":"LG","name":"Ralph Tamm","number":"#65","maximum_speed":31,"hitting_power":50,"rating":"62%","ranking":69},
{"team":"Cowboys","position":"LG","name":"Crawford Ker","number":"#68","maximum_speed":31,"hitting_power":50,"rating":"62%","ranking":70},
{"team":"Giants","position":"RT","name":"Doug Riesenberg","number":"#72","maximum_speed":31,"hitting_power":50,"rating":"62%","ranking":71},
{"team":"Jets","position":"RG","name":"Dave Cadigan","number":"#66","maximum_speed":31,"hitting_power":50,"rating":"62%","ranking":72},
{"team":"Lions","position":"LG","name":"Eric Andolsek","number":"#65","maximum_speed":31,"hitting_power":50,"rating":"62%","ranking":73},
{"team":"Oilers","position":"C","name":"Jay Pennison","number":"#52","maximum_speed":31,"hitting_power":50,"rating":"62%","ranking":74},
{"team":"Raiders","position":"C","name":"Don Mosebar","number":"#72","maximum_speed":31,"hitting_power":50,"rating":"62%","ranking":75},
{"team":"Rams","position":"LG","name":"Tom Newberry","number":"#66","maximum_speed":31,"hitting_power":50,"rating":"62%","ranking":76},
{"team":"Saints","position":"RG","name":"Steve Trapilo","number":"#65","maximum_speed":31,"hitting_power":50,"rating":"62%","ranking":77},
{"team":"Seahawks","position":"RG","name":"Bryan Millard","number":"#71","maximum_speed":31,"hitting_power":50,"rating":"62%","ranking":78},
{"team":"49ers","position":"LT","name":"Bubba Paris","number":"#77","maximum_speed":19,"hitting_power":69,"rating":"62%","ranking":79},
{"team":"Colts","position":"RG","name":"Brian Baldinger","number":"#62","maximum_speed":38,"hitting_power":38,"rating":"61%","ranking":80},
{"team":"Cowboys","position":"C","name":"Mark Stepnoski","number":"#53","maximum_speed":38,"hitting_power":38,"rating":"61%","ranking":81},
{"team":"Packers","position":"C","name":"James Campen","number":"#63","maximum_speed":38,"hitting_power":38,"rating":"61%","ranking":82},
{"team":"Patriots","position":"C","name":"Paul Fairchild","number":"#66","maximum_speed":38,"hitting_power":38,"rating":"61%","ranking":83},
{"team":"49ers","position":"RG","name":"Harris Barton","number":"#79","maximum_speed":25,"hitting_power":56,"rating":"60%","ranking":84},
{"team":"Bengals","position":"RG","name":"Brian Blados","number":"#74","maximum_speed":25,"hitting_power":56,"rating":"60%","ranking":85},
{"team":"Broncos","position":"LT","name":"Darrell Hamilton","number":"#69","maximum_speed":25,"hitting_power":56,"rating":"60%","ranking":86},
{"team":"Cardinals","position":"LG","name":"Derek Kennard","number":"#70","maximum_speed":25,"hitting_power":56,"rating":"60%","ranking":87},
{"team":"Cardinals","position":"RT","name":"Tootie Robbins","number":"#63","maximum_speed":25,"hitting_power":56,"rating":"60%","ranking":88},
{"team":"Chargers","position":"RT","name":"B. Thompson","number":"#76","maximum_speed":25,"hitting_power":56,"rating":"60%","ranking":89},
{"team":"Chiefs","position":"RG","name":"David Lutz","number":"#72","maximum_speed":25,"hitting_power":56,"rating":"60%","ranking":90},
{"team":"Dolphins","position":"RT","name":"Mark Dennis","number":"#74","maximum_speed":25,"hitting_power":56,"rating":"60%","ranking":91},
{"team":"Rams","position":"RG","name":"Bern Brostek","number":"#61","maximum_speed":25,"hitting_power":56,"rating":"60%","ranking":92},
{"team":"Saints","position":"LT","name":"Kevin Haverdink","number":"#74","maximum_speed":25,"hitting_power":56,"rating":"60%","ranking":93},
{"team":"Seahawks","position":"RT","name":"Ron Mattes","number":"#70","maximum_speed":25,"hitting_power":56,"rating":"60%","ranking":94},
{"team":"Browns","position":"LT","name":"Paul Farren","number":"#74","maximum_speed":31,"hitting_power":44,"rating":"58%","ranking":95},
{"team":"Cowboys","position":"RG","name":"John Gesek","number":"#67","maximum_speed":31,"hitting_power":44,"rating":"58%","ranking":96},
{"team":"Jets","position":"LG","name":"Mike Haight","number":"#79","maximum_speed":31,"hitting_power":44,"rating":"58%","ranking":97},
{"team":"Lions","position":"C","name":"Kevin Glover","number":"#53","maximum_speed":31,"hitting_power":44,"rating":"58%","ranking":98},
{"team":"Packers","position":"LT","name":"Alan Veingrad","number":"#73","maximum_speed":31,"hitting_power":44,"rating":"58%","ranking":99},
{"team":"Bills","position":"RT","name":"Howard Ballard","number":"#75","maximum_speed":19,"hitting_power":63,"rating":"58%","ranking":100},
{"team":"Colts","position":"LT","name":"Zefross Moss","number":"#73","maximum_speed":19,"hitting_power":63,"rating":"58%","ranking":101},
{"team":"Packers","position":"RT","name":"Tony Mandarich","number":"#77","maximum_speed":19,"hitting_power":63,"rating":"58%","ranking":102},
{"team":"Buccaneers","position":"C","name":"Randy Grimes","number":"#60","maximum_speed":38,"hitting_power":31,"rating":"57%","ranking":103},
{"team":"Bengals","position":"RT","name":"Joe Walter","number":"#63","maximum_speed":25,"hitting_power":50,"rating":"56%","ranking":104},
{"team":"Bills","position":"LT","name":"Will Wolford","number":"#69","maximum_speed":25,"hitting_power":50,"rating":"56%","ranking":105},
{"team":"Broncos","position":"RT","name":"Ken Lanier","number":"#76","maximum_speed":25,"hitting_power":50,"rating":"56%","ranking":106},
{"team":"Browns","position":"RG","name":"Gregg Rakoczy","number":"#73","maximum_speed":25,"hitting_power":50,"rating":"56%","ranking":107},
{"team":"Browns","position":"RT","name":"Tony Jones","number":"#66","maximum_speed":25,"hitting_power":50,"rating":"56%","ranking":108},
{"team":"Buccaneers","position":"LT","name":"Paul Gruber","number":"#74","maximum_speed":25,"hitting_power":50,"rating":"56%","ranking":109},
{"team":"Colts","position":"C","name":"Ray Donaldson","number":"#53","maximum_speed":25,"hitting_power":50,"rating":"56%","ranking":110},
{"team":"Colts","position":"LG","name":"Randy Dixon","number":"#69","maximum_speed":25,"hitting_power":50,"rating":"56%","ranking":111},
{"team":"Eagles","position":"LT","name":"Ron Heller","number":"#73","maximum_speed":25,"hitting_power":50,"rating":"56%","ranking":112},
{"team":"Eagles","position":"RT","name":"R. Singletary","number":"#68","maximum_speed":25,"hitting_power":50,"rating":"56%","ranking":113},
{"team":"Jets","position":"LT","name":"Jeff Criswell","number":"#61","maximum_speed":25,"hitting_power":50,"rating":"56%","ranking":114},
{"team":"Jets","position":"RT","name":"Brett Miller","number":"#72","maximum_speed":25,"hitting_power":50,"rating":"56%","ranking":115},
{"team":"Lions","position":"RT","name":"Harvey Salem","number":"#73","maximum_speed":25,"hitting_power":50,"rating":"56%","ranking":116},
{"team":"Oilers","position":"LT","name":"Don Maggs","number":"#78","maximum_speed":25,"hitting_power":50,"rating":"56%","ranking":117},
{"team":"Oilers","position":"RT","name":"Dean Steinkuhler","number":"#70","maximum_speed":25,"hitting_power":50,"rating":"56%","ranking":118},
{"team":"Packers","position":"RG","name":"Ron Hallstrom","number":"#65","maximum_speed":25,"hitting_power":50,"rating":"56%","ranking":119},
{"team":"Raiders","position":"RT","name":"Rory Graves","number":"#60","maximum_speed":25,"hitting_power":50,"rating":"56%","ranking":120},
{"team":"Steelers","position":"LT","name":"John Jackson","number":"#65","maximum_speed":25,"hitting_power":50,"rating":"56%","ranking":121},
{"team":"Vikings","position":"RG","name":"Todd Kalis","number":"#69","maximum_speed":25,"hitting_power":50,"rating":"56%","ranking":122},
{"team":"Vikings","position":"RT","name":"Tim Irwin","number":"#76","maximum_speed":25,"hitting_power":50,"rating":"56%","ranking":123},
{"team":"Cardinals","position":"C","name":"Bill Lewis","number":"#51","maximum_speed":31,"hitting_power":38,"rating":"54%","ranking":124},
{"team":"Cardinals","position":"RG","name":"Lance Smith","number":"#61","maximum_speed":31,"hitting_power":38,"rating":"54%","ranking":125},
{"team":"Eagles","position":"C","name":"David Alexander","number":"#72","maximum_speed":31,"hitting_power":38,"rating":"54%","ranking":126},
{"team":"Falcons","position":"LT","name":"Mike Kenn","number":"#78","maximum_speed":31,"hitting_power":38,"rating":"54%","ranking":127},
{"team":"Lions","position":"RG","name":"Ken Dallafior","number":"#67","maximum_speed":31,"hitting_power":38,"rating":"54%","ranking":128},
{"team":"Colts","position":"RT","name":"Kevin Call","number":"#71","maximum_speed":19,"hitting_power":56,"rating":"54%","ranking":129},
{"team":"Cowboys","position":"LT","name":"Kevin Gogan","number":"#66","maximum_speed":19,"hitting_power":56,"rating":"54%","ranking":130},
{"team":"Buccaneers","position":"RG","name":"Ian Beckles","number":"#62","maximum_speed":25,"hitting_power":44,"rating":"52%","ranking":131},
{"team":"Patriots","position":"RG","name":"Damian Johnson","number":"#68","maximum_speed":25,"hitting_power":44,"rating":"52%","ranking":132},
{"team":"Eagles","position":"LG","name":"Mike Schad","number":"#79","maximum_speed":19,"hitting_power":50,"rating":"50%","ranking":133},
{"team":"Falcons","position":"C","name":"Jamie Dukes","number":"#64","maximum_speed":19,"hitting_power":50,"rating":"50%","ranking":134},
{"team":"Patriots","position":"LG","name":"Chris Gambol","number":"#74","maximum_speed":19,"hitting_power":50,"rating":"50%","ranking":135},
{"team":"Patriots","position":"RT","name":"Danny Villa","number":"#75","maximum_speed":19,"hitting_power":50,"rating":"50%","ranking":136},
{"team":"Buccaneers","position":"LG","name":"Carl Bax","number":"#75","maximum_speed":25,"hitting_power":38,"rating":"48%","ranking":137},
{"team":"Buccaneers","position":"RT","name":"Rob Taylor","number":"#72","maximum_speed":25,"hitting_power":38,"rating":"48%","ranking":138},
{"team":"Falcons","position":"LG","name":"Houston Hoover","number":"#69","maximum_speed":19,"hitting_power":44,"rating":"46%","ranking":139},
{"team":"Eagles","position":"RG","name":"Ron Solt","number":"#66","maximum_speed":19,"hitting_power":38,"rating":"42%","ranking":140}]
