[{"team":"Giants","position":"P","name":"Sean Landeta","number":"#5","kicking_ability":81,"avoid_kick_block":81,"rating":"100%","ranking":1},
{"team":"Broncos","position":"P","name":"Mike Horan","number":"#2","kicking_ability":81,"avoid_kick_block":75,"rating":"98%","ranking":2},
{"team":"Cardinals","position":"P","name":"Rich Camarillo","number":"#16","kicking_ability":75,"avoid_kick_block":81,"rating":"95%","ranking":3},
{"team":"Jets","position":"P","name":"Joe Prokop","number":"#6","kicking_ability":69,"avoid_kick_block":75,"rating":"87%","ranking":4},
{"team":"Colts","position":"P","name":"Rohn Stark","number":"#3","kicking_ability":75,"avoid_kick_block":56,"rating":"86%","ranking":5},
{"team":"Chargers","position":"P","name":"John Kidd","number":"#10","kicking_ability":69,"avoid_kick_block":56,"rating":"80%","ranking":6},
{"team":"Oilers","position":"P","name":"Greg Montgomery","number":"#9","kicking_ability":69,"avoid_kick_block":56,"rating":"80%","ranking":7},
{"team":"Falcons","position":"P","name":"Scott Fulhage","number":"#17","kicking_ability":63,"avoid_kick_block":69,"rating":"80%","ranking":8},
{"team":"Dolphins","position":"P","name":"Reggie Roby","number":"#4","kicking_ability":75,"avoid_kick_block":38,"rating":"79%","ranking":9},
{"team":"Cowboys","position":"P","name":"Mike Saxon","number":"#4","kicking_ability":56,"avoid_kick_block":75,"rating":"76%","ranking":10},
{"team":"Saints","position":"P","name":"Tommy Barnhardt","number":"#6","kicking_ability":63,"avoid_kick_block":44,"rating":"71%","ranking":11},
{"team":"Lions","position":"P","name":"Jim Arnold","number":"#6","kicking_ability":50,"avoid_kick_block":56,"rating":"64%","ranking":12},
{"team":"Bengals","position":"P","name":"Lee Johnson","number":"#11","kicking_ability":44,"avoid_kick_block":69,"rating":"64%","ranking":13},
{"team":"Seahawks","position":"P","name":"Rick Donnelly","number":"#3","kicking_ability":44,"avoid_kick_block":63,"rating":"61%","ranking":14},
{"team":"Buccaneers","position":"P","name":"Mark Royals","number":"#3","kicking_ability":38,"avoid_kick_block":69,"rating":"58%","ranking":15},
{"team":"Eagles","position":"P","name":"Jeff Feagles","number":"#5","kicking_ability":50,"avoid_kick_block":31,"rating":"55%","ranking":16},
{"team":"Steelers","position":"P","name":"Dan Stryzinski","number":"#4","kicking_ability":38,"avoid_kick_block":50,"rating":"51%","ranking":17},
{"team":"Chiefs","position":"P","name":"Bryan Barker","number":"#4","kicking_ability":31,"avoid_kick_block":63,"rating":"50%","ranking":18},
{"team":"Raiders","position":"P","name":"Jeff Gossett","number":"#6","kicking_ability":31,"avoid_kick_block":38,"rating":"41%","ranking":19},
{"team":"Packers","position":"P","name":"Don Bracken","number":"#17","kicking_ability":25,"avoid_kick_block":50,"rating":"40%","ranking":20},
{"team":"Redskins","position":"P","name":"Kelly Goodburn","number":"#2","kicking_ability":25,"avoid_kick_block":50,"rating":"40%","ranking":21},
{"team":"Bills","position":"P","name":"Rick Tuten","number":"#10","kicking_ability":19,"avoid_kick_block":63,"rating":"40%","ranking":22},
{"team":"Patriots","position":"P","name":"Brian Hansen","number":"#10","kicking_ability":31,"avoid_kick_block":31,"rating":"38%","ranking":23},
{"team":"Vikings","position":"P","name":"Harry Newsome","number":"#18","kicking_ability":25,"avoid_kick_block":44,"rating":"38%","ranking":24},
{"team":"Bears","position":"P","name":"Maury Buford","number":"#8","kicking_ability":31,"avoid_kick_block":25,"rating":"36%","ranking":25},
{"team":"Rams","position":"P","name":"Keith English","number":"#8","kicking_ability":19,"avoid_kick_block":50,"rating":"35%","ranking":26},
{"team":"49ers","position":"P","name":"Barry Helton","number":"#9","kicking_ability":19,"avoid_kick_block":38,"rating":"30%","ranking":27},
{"team":"Browns","position":"P","name":"Bryan Wagner","number":"#15","kicking_ability":25,"avoid_kick_block":19,"rating":"29%","ranking":28}]
