{
  "full_name": "Green Bay Packers",
  "short_name": "packers",
  "players": [
    {"team":"Packers","position":"QB1","name":"Don Majkowski","number":"#7","maximum_speed":25,"passing_speed":38,"pass_control":50,"avoid_pass_block":50,"rating":"54%","ranking":14},
    {"team":"Packers","position":"QB2","name":"Anthony Dilweg","number":"#8","maximum_speed":13,"passing_speed":44,"pass_control":38,"avoid_pass_block":38,"rating":"42%","ranking":38},
    {"team":"Packers","position":"RB1","name":"Keith Woodside","number":"#33","running_speed":38,"maximum_speed":44,"kick_return_maximum_speed":19,"punt_return_maximum_speed":44,"hitting_power":31,"ball_control":50,"receptions":31,"rushing_rating":"52%","rushing_ranking":66,"receiving_rating":"46%","receiving_ranking":152,"kick_return_rating":"44%","kick_return_ranking":252,"punt_return_rating":"57%","punt_return_ranking":200},
    {"team":"Packers","position":"RB2","name":"Michael Haddix","number":"#35","running_speed":38,"maximum_speed":25,"kick_return_maximum_speed":19,"punt_return_maximum_speed":44,"hitting_power":94,"ball_control":50,"receptions":25,"rushing_rating":"44%","rushing_ranking":135,"receiving_rating":"40%","receiving_ranking":221,"kick_return_rating":"54%","kick_return_ranking":111,"punt_return_rating":"67%","punt_return_ranking":63},
    {"team":"Packers","position":"RB3","name":"Darrell Thompson","number":"#39","running_speed":38,"maximum_speed":38,"kick_return_maximum_speed":19,"punt_return_maximum_speed":44,"hitting_power":31,"ball_control":50,"receptions":19,"rushing_rating":"46%","rushing_ranking":128,"receiving_rating":"36%","receiving_ranking":251,"kick_return_rating":"44%","kick_return_ranking":260,"punt_return_rating":"57%","punt_return_ranking":204},
    {"team":"Packers","position":"RB4","name":"Herman Fontenot","number":"#27","running_speed":38,"maximum_speed":38,"kick_return_maximum_speed":19,"punt_return_maximum_speed":44,"hitting_power":25,"ball_control":50,"receptions":38,"rushing_rating":"47%","rushing_ranking":98,"receiving_rating":"48%","receiving_ranking":133,"kick_return_rating":"44%","kick_return_ranking":251,"punt_return_rating":"57%","punt_return_ranking":199},
    {"team":"Packers","position":"WR1","name":"Sterling Sharpe","number":"#84","running_speed":38,"maximum_speed":50,"kick_return_maximum_speed":19,"punt_return_maximum_speed":44,"hitting_power":13,"ball_control":50,"receptions":75,"rushing_rating":"60%","rushing_ranking":35,"receiving_rating":"75%","receiving_ranking":11,"kick_return_rating":"44%","kick_return_ranking":247,"punt_return_rating":"57%","punt_return_ranking":195},
    {"team":"Packers","position":"WR2","name":"Perry Kemp","number":"#81","running_speed":31,"maximum_speed":31,"kick_return_maximum_speed":19,"punt_return_maximum_speed":44,"hitting_power":13,"ball_control":50,"receptions":50,"rushing_rating":"40%","rushing_ranking":157,"receiving_rating":"51%","receiving_ranking":101,"kick_return_rating":"42%","kick_return_ranking":262,"punt_return_rating":"54%","punt_return_ranking":212},
    {"team":"Packers","position":"WR3","name":"Charles Wilson","number":"#88","running_speed":25,"maximum_speed":25,"kick_return_maximum_speed":19,"punt_return_maximum_speed":44,"hitting_power":13,"ball_control":50,"receptions":50,"rushing_rating":"33%","rushing_ranking":217,"receiving_rating":"48%","receiving_ranking":128,"kick_return_rating":"40%","kick_return_ranking":270,"punt_return_rating":"53%","punt_return_ranking":236},
    {"team":"Packers","position":"WR4","name":"Jeff Query","number":"#85","running_speed":31,"maximum_speed":31,"kick_return_maximum_speed":19,"punt_return_maximum_speed":44,"hitting_power":13,"ball_control":50,"receptions":50,"rushing_rating":"40%","rushing_ranking":158,"receiving_rating":"51%","receiving_ranking":102,"kick_return_rating":"42%","kick_return_ranking":263,"punt_return_rating":"54%","punt_return_ranking":213},
    {"team":"Packers","position":"TE1","name":"Ed West","number":"#86","running_speed":25,"maximum_speed":31,"kick_return_maximum_speed":19,"punt_return_maximum_speed":44,"hitting_power":50,"ball_control":50,"receptions":38,"rushing_rating":"38%","rushing_ranking":186,"receiving_rating":"43%","receiving_ranking":184,"kick_return_rating":"40%","kick_return_ranking":275,"punt_return_rating":"53%","punt_return_ranking":238},
    {"team":"Packers","position":"TE2","name":"Jackie Harris","number":"#80","running_speed":25,"maximum_speed":25,"kick_return_maximum_speed":19,"punt_return_maximum_speed":44,"hitting_power":44,"ball_control":50,"receptions":31,"rushing_rating":"32%","rushing_ranking":238,"receiving_rating":"36%","receiving_ranking":249,"kick_return_rating":"40%","kick_return_ranking":278,"punt_return_rating":"53%","punt_return_ranking":240},
    {"team":"Packers","position":"C","name":"James Campen","number":"#63","maximum_speed":38,"hitting_power":38,"rating":"61%","ranking":82},
    {"team":"Packers","position":"LG","name":"Rich Moran","number":"#57","maximum_speed":38,"hitting_power":44,"rating":"65%","ranking":58},
    {"team":"Packers","position":"RG","name":"Ron Hallstrom","number":"#65","maximum_speed":25,"hitting_power":50,"rating":"56%","ranking":119},
    {"team":"Packers","position":"LT","name":"Alan Veingrad","number":"#73","maximum_speed":31,"hitting_power":44,"rating":"58%","ranking":99},
    {"team":"Packers","position":"RT","name":"Tony Mandarich","number":"#77","maximum_speed":19,"hitting_power":63,"rating":"58%","ranking":102},
    {"team":"Packers","position":"RE","name":"Robert Brown","number":"#93","running_speed":25,"rushing_power":31,"maximum_speed":38,"hitting_power":38,"pass_interceptions":19,"rating":"49%","ranking":81},
    {"team":"Packers","position":"NT","name":"Bob Nelson","number":"#79","running_speed":25,"rushing_power":69,"maximum_speed":38,"hitting_power":56,"pass_interceptions":19,"rating":"78%","ranking":5},
    {"team":"Packers","position":"LE","name":"Matt Brock","number":"#62","running_speed":25,"rushing_power":31,"maximum_speed":38,"hitting_power":44,"pass_interceptions":19,"rating":"53%","ranking":74},
    {"team":"Packers","position":"ROLB","name":"Tim Harris","number":"#97","running_speed":38,"rushing_power":50,"maximum_speed":56,"hitting_power":50,"pass_interceptions":19,"rating":"73%","ranking":23},
    {"team":"Packers","position":"RILB","name":"Johnny Holland","number":"#50","running_speed":25,"rushing_power":31,"maximum_speed":31,"hitting_power":31,"pass_interceptions":31,"rating":"49%","ranking":98},
    {"team":"Packers","position":"LILB","name":"Brian Noble","number":"#91","running_speed":25,"rushing_power":31,"maximum_speed":31,"hitting_power":31,"pass_interceptions":19,"rating":"46%","ranking":109},
    {"team":"Packers","position":"LOLB","name":"Scott Stephen","number":"#54","running_speed":25,"rushing_power":31,"maximum_speed":31,"hitting_power":31,"pass_interceptions":38,"rating":"51%","ranking":82},
    {"team":"Packers","position":"RCB","name":"Jerry Holmes","number":"#44","running_speed":25,"rushing_power":31,"maximum_speed":44,"hitting_power":38,"pass_interceptions":50,"rating":"56%","ranking":75},
    {"team":"Packers","position":"LCB","name":"Mark Lee","number":"#22","running_speed":25,"rushing_power":31,"maximum_speed":38,"hitting_power":38,"pass_interceptions":31,"rating":"46%","ranking":111},
    {"team":"Packers","position":"FS","name":"Chuck Cecil","number":"#26","running_speed":25,"rushing_power":31,"maximum_speed":38,"hitting_power":44,"pass_interceptions":38,"rating":"50%","ranking":100},
    {"team":"Packers","position":"SS","name":"Mark Murphy","number":"#37","running_speed":25,"rushing_power":31,"maximum_speed":44,"hitting_power":44,"pass_interceptions":50,"rating":"56%","ranking":70},
    {"team":"Packers","position":"K","name":"Chris Jacke","number":"#13","kicking_ability":56,"avoid_kick_block":38,"rating":"62%","ranking":14},
    {"team":"Packers","position":"P","name":"Don Bracken","number":"#17","kicking_ability":25,"avoid_kick_block":50,"rating":"40%","ranking":20}
  ]
}

