{
  "full_name": "New England Patriots",
  "short_name": "patriots",
  "players": [
    {"team":"Patriots","position":"QB2","name":"Marc Wilson","number":"#15","maximum_speed":13,"passing_speed":38,"pass_control":44,"avoid_pass_block":38,"rating":"45%","ranking":28},
    {"team":"Patriots","position":"QB1","name":"Steve Grogan","number":"#14","maximum_speed":6,"passing_speed":19,"pass_control":25,"avoid_pass_block":44,"rating":"26%","ranking":56},
    {"team":"Patriots","position":"RB1","name":"Marvin Allen","number":"#39","running_speed":44,"maximum_speed":25,"kick_return_maximum_speed":19,"punt_return_maximum_speed":31,"hitting_power":38,"ball_control":50,"receptions":25,"rushing_rating":"35%","rushing_ranking":200,"receiving_rating":"36%","receiving_ranking":257,"kick_return_rating":"46%","kick_return_ranking":246,"punt_return_rating":"45%","punt_return_ranking":252},
    {"team":"Patriots","position":"RB2","name":"John Stephens","number":"#44","running_speed":44,"maximum_speed":31,"kick_return_maximum_speed":19,"punt_return_maximum_speed":31,"hitting_power":50,"ball_control":50,"receptions":31,"rushing_rating":"41%","rushing_ranking":143,"receiving_rating":"42%","receiving_ranking":204,"kick_return_rating":"46%","kick_return_ranking":245,"punt_return_rating":"45%","punt_return_ranking":251},
    {"team":"Patriots","position":"RB3","name":"George Adams","number":"#33","running_speed":38,"maximum_speed":31,"kick_return_maximum_speed":19,"punt_return_maximum_speed":31,"hitting_power":31,"ball_control":50,"receptions":25,"rushing_rating":"40%","rushing_ranking":180,"receiving_rating":"37%","receiving_ranking":243,"kick_return_rating":"44%","kick_return_ranking":258,"punt_return_rating":"44%","punt_return_ranking":253},
    {"team":"Patriots","position":"RB4","name":"Mosi Tatupu","number":"#30","running_speed":38,"maximum_speed":31,"kick_return_maximum_speed":19,"punt_return_maximum_speed":31,"hitting_power":31,"ball_control":50,"receptions":25,"rushing_rating":"40%","rushing_ranking":181,"receiving_rating":"37%","receiving_ranking":244,"kick_return_rating":"44%","kick_return_ranking":259,"punt_return_rating":"44%","punt_return_ranking":254},
    {"team":"Patriots","position":"WR1","name":"Irving Fryar","number":"#80","running_speed":31,"maximum_speed":31,"kick_return_maximum_speed":19,"punt_return_maximum_speed":31,"hitting_power":13,"ball_control":50,"receptions":63,"rushing_rating":"41%","rushing_ranking":145,"receiving_rating":"59%","receiving_ranking":52,"kick_return_rating":"42%","kick_return_ranking":261,"punt_return_rating":"41%","punt_return_ranking":255},
    {"team":"Patriots","position":"WR2","name":"Hart Lee Dykes","number":"#88","running_speed":31,"maximum_speed":31,"kick_return_maximum_speed":19,"punt_return_maximum_speed":31,"hitting_power":13,"ball_control":50,"receptions":50,"rushing_rating":"40%","rushing_ranking":159,"receiving_rating":"51%","receiving_ranking":103,"kick_return_rating":"42%","kick_return_ranking":264,"punt_return_rating":"41%","punt_return_ranking":256},
    {"team":"Patriots","position":"WR3","name":"Greg Mcmurty","number":"#19","running_speed":25,"maximum_speed":19,"kick_return_maximum_speed":19,"punt_return_maximum_speed":31,"hitting_power":13,"ball_control":50,"receptions":50,"rushing_rating":"28%","rushing_ranking":249,"receiving_rating":"46%","receiving_ranking":158,"kick_return_rating":"40%","kick_return_ranking":272,"punt_return_rating":"39%","punt_return_ranking":259},
    {"team":"Patriots","position":"WR4","name":"Sammy Martin","number":"#82","running_speed":25,"maximum_speed":25,"kick_return_maximum_speed":19,"punt_return_maximum_speed":31,"hitting_power":13,"ball_control":50,"receptions":44,"rushing_rating":"33%","rushing_ranking":232,"receiving_rating":"44%","receiving_ranking":174,"kick_return_rating":"40%","kick_return_ranking":274,"punt_return_rating":"39%","punt_return_ranking":260},
    {"team":"Patriots","position":"TE1","name":"Marv Cook","number":"#46","running_speed":25,"maximum_speed":44,"kick_return_maximum_speed":19,"punt_return_maximum_speed":31,"hitting_power":56,"ball_control":50,"receptions":63,"rushing_rating":"52%","rushing_ranking":69,"receiving_rating":"64%","receiving_ranking":41,"kick_return_rating":"40%","kick_return_ranking":266,"punt_return_rating":"39%","punt_return_ranking":257},
    {"team":"Patriots","position":"TE2","name":"Eric Sievers","number":"#85","running_speed":25,"maximum_speed":25,"kick_return_maximum_speed":19,"punt_return_maximum_speed":31,"hitting_power":31,"ball_control":50,"receptions":50,"rushing_rating":"33%","rushing_ranking":218,"receiving_rating":"48%","receiving_ranking":129,"kick_return_rating":"40%","kick_return_ranking":271,"punt_return_rating":"39%","punt_return_ranking":258},
    {"team":"Patriots","position":"C","name":"Paul Fairchild","number":"#66","maximum_speed":38,"hitting_power":38,"rating":"61%","ranking":83},
    {"team":"Patriots","position":"LG","name":"Chris Gambol","number":"#74","maximum_speed":19,"hitting_power":50,"rating":"50%","ranking":135},
    {"team":"Patriots","position":"RG","name":"Damian Johnson","number":"#68","maximum_speed":25,"hitting_power":44,"rating":"52%","ranking":132},
    {"team":"Patriots","position":"LT","name":"Bruce Armstrong","number":"#78","maximum_speed":38,"hitting_power":69,"rating":"81%","ranking":14},
    {"team":"Patriots","position":"RT","name":"Danny Villa","number":"#75","maximum_speed":19,"hitting_power":50,"rating":"50%","ranking":136},
    {"team":"Patriots","position":"RE","name":"Garin Veris","number":"#60","running_speed":25,"rushing_power":31,"maximum_speed":31,"hitting_power":50,"pass_interceptions":19,"rating":"55%","ranking":66},
    {"team":"Patriots","position":"NT","name":"Tim Goad","number":"#72","running_speed":25,"rushing_power":31,"maximum_speed":25,"hitting_power":50,"pass_interceptions":19,"rating":"54%","ranking":69},
    {"team":"Patriots","position":"LE","name":"Ray Agnew","number":"#92","running_speed":38,"rushing_power":50,"maximum_speed":56,"hitting_power":56,"pass_interceptions":31,"rating":"76%","ranking":8},
    {"team":"Patriots","position":"ROLB","name":"Andre Tippett","number":"#56","running_speed":25,"rushing_power":38,"maximum_speed":44,"hitting_power":56,"pass_interceptions":31,"rating":"66%","ranking":40},
    {"team":"Patriots","position":"RILB","name":"Ed Reynolds","number":"#95","running_speed":25,"rushing_power":31,"maximum_speed":38,"hitting_power":38,"pass_interceptions":19,"rating":"50%","ranking":91},
    {"team":"Patriots","position":"LILB","name":"Richard Harvey","number":"#58","running_speed":25,"rushing_power":31,"maximum_speed":31,"hitting_power":38,"pass_interceptions":19,"rating":"49%","ranking":101},
    {"team":"Patriots","position":"LOLB","name":"Chris Singleton","number":"#55","running_speed":25,"rushing_power":31,"maximum_speed":31,"hitting_power":38,"pass_interceptions":19,"rating":"49%","ranking":100},
    {"team":"Patriots","position":"RCB","name":"Maurice Hurst","number":"#37","running_speed":31,"rushing_power":38,"maximum_speed":50,"hitting_power":44,"pass_interceptions":50,"rating":"63%","ranking":47},
    {"team":"Patriots","position":"LCB","name":"Ronnie Lippett","number":"#42","running_speed":38,"rushing_power":44,"maximum_speed":56,"hitting_power":50,"pass_interceptions":63,"rating":"75%","ranking":15},
    {"team":"Patriots","position":"FS","name":"Fred Marion","number":"#31","running_speed":25,"rushing_power":31,"maximum_speed":44,"hitting_power":50,"pass_interceptions":50,"rating":"57%","ranking":64},
    {"team":"Patriots","position":"SS","name":"Rod Mcswain","number":"#23","running_speed":25,"rushing_power":31,"maximum_speed":31,"hitting_power":56,"pass_interceptions":31,"rating":"46%","ranking":107},
    {"team":"Patriots","position":"K","name":"Jason Staurovsky","number":"#4","kicking_ability":63,"avoid_kick_block":44,"rating":"71%","ranking":10},
    {"team":"Patriots","position":"P","name":"Brian Hansen","number":"#10","kicking_ability":31,"avoid_kick_block":31,"rating":"38%","ranking":23}
  ]
}

