[{"team":"Eagles","position":"QB1","name":"QB Eagles","number":"#0","maximum_speed":56,"passing_speed":63,"pass_control":69,"avoid_pass_block":63,"rating":"87%","ranking":1},
{"team":"49ers","position":"QB1","name":"Joe Montana","number":"#16","maximum_speed":19,"passing_speed":56,"pass_control":81,"avoid_pass_block":75,"rating":"77%","ranking":2},
{"team":"Oilers","position":"QB1","name":"Warren Moon","number":"#1","maximum_speed":19,"passing_speed":69,"pass_control":75,"avoid_pass_block":63,"rating":"76%","ranking":3},
{"team":"Bills","position":"QB1","name":"QB Bills","number":"#0","maximum_speed":13,"passing_speed":56,"pass_control":81,"avoid_pass_block":81,"rating":"75%","ranking":4},
{"team":"Browns","position":"QB1","name":"QB Browns","number":"#0","maximum_speed":25,"passing_speed":44,"pass_control":75,"avoid_pass_block":44,"rating":"71%","ranking":5},
{"team":"Dolphins","position":"QB1","name":"Dan Marino","number":"#13","maximum_speed":6,"passing_speed":81,"pass_control":69,"avoid_pass_block":69,"rating":"70%","ranking":6},
{"team":"Bengals","position":"QB1","name":"Boomer Esiason","number":"#7","maximum_speed":19,"passing_speed":63,"pass_control":56,"avoid_pass_block":75,"rating":"63%","ranking":7},
{"team":"Giants","position":"QB1","name":"Phil Simms","number":"#11","maximum_speed":13,"passing_speed":50,"pass_control":63,"avoid_pass_block":81,"rating":"62%","ranking":8},
{"team":"Rams","position":"QB1","name":"Jim Everett","number":"#11","maximum_speed":13,"passing_speed":56,"pass_control":63,"avoid_pass_block":44,"rating":"61%","ranking":9},
{"team":"Seahawks","position":"QB1","name":"Dave Krieg","number":"#17","maximum_speed":13,"passing_speed":25,"pass_control":69,"avoid_pass_block":69,"rating":"59%","ranking":10},
{"team":"Buccaneers","position":"QB1","name":"Vinny Testaverde","number":"#14","maximum_speed":31,"passing_speed":31,"pass_control":56,"avoid_pass_block":44,"rating":"59%","ranking":11},
{"team":"Chiefs","position":"QB1","name":"Steve De Berg","number":"#17","maximum_speed":6,"passing_speed":50,"pass_control":63,"avoid_pass_block":56,"rating":"57%","ranking":12},
{"team":"49ers","position":"QB2","name":"Steve Young","number":"#8","maximum_speed":25,"passing_speed":56,"pass_control":44,"avoid_pass_block":56,"rating":"56%","ranking":13},
{"team":"Packers","position":"QB1","name":"Don Majkowski","number":"#7","maximum_speed":25,"passing_speed":38,"pass_control":50,"avoid_pass_block":50,"rating":"54%","ranking":14},
{"team":"Jets","position":"QB1","name":"Ken O.Brien","number":"#7","maximum_speed":13,"passing_speed":56,"pass_control":50,"avoid_pass_block":38,"rating":"53%","ranking":15},
{"team":"Lions","position":"QB1","name":"Rodney Peete","number":"#9","maximum_speed":31,"passing_speed":38,"pass_control":44,"avoid_pass_block":25,"rating":"52%","ranking":16},
{"team":"Broncos","position":"QB1","name":"John Elway","number":"#7","maximum_speed":25,"passing_speed":75,"pass_control":31,"avoid_pass_block":50,"rating":"52%","ranking":17},
{"team":"Cowboys","position":"QB1","name":"Troy Aikman","number":"#8","maximum_speed":13,"passing_speed":50,"pass_control":44,"avoid_pass_block":50,"rating":"48%","ranking":18},
{"team":"Lions","position":"QB2","name":"Andre Ware","number":"#11","maximum_speed":25,"passing_speed":44,"pass_control":38,"avoid_pass_block":44,"rating":"48%","ranking":19},
{"team":"Chargers","position":"QB1","name":"B.J. Tolliver","number":"#11","maximum_speed":13,"passing_speed":81,"pass_control":31,"avoid_pass_block":44,"rating":"48%","ranking":20},
{"team":"Dolphins","position":"QB2","name":"Scott Mitchell","number":"#19","maximum_speed":13,"passing_speed":44,"pass_control":44,"avoid_pass_block":50,"rating":"47%","ranking":21},
{"team":"Bengals","position":"QB2","name":"Erik Wilhelm","number":"#4","maximum_speed":13,"passing_speed":44,"pass_control":44,"avoid_pass_block":38,"rating":"46%","ranking":22},
{"team":"Saints","position":"QB2","name":"John Fourcade","number":"#11","maximum_speed":13,"passing_speed":44,"pass_control":44,"avoid_pass_block":38,"rating":"46%","ranking":23},
{"team":"Vikings","position":"QB1","name":"Wade Wilson","number":"#11","maximum_speed":13,"passing_speed":44,"pass_control":44,"avoid_pass_block":38,"rating":"46%","ranking":24},
{"team":"Raiders","position":"QB1","name":"Jay Schroeder","number":"#13","maximum_speed":13,"passing_speed":69,"pass_control":31,"avoid_pass_block":63,"rating":"46%","ranking":25},
{"team":"Jets","position":"QB2","name":"Tony Eason","number":"#11","maximum_speed":13,"passing_speed":44,"pass_control":44,"avoid_pass_block":31,"rating":"46%","ranking":26},
{"team":"Cardinals","position":"QB1","name":"Timm Rosenbach","number":"#3","maximum_speed":19,"passing_speed":31,"pass_control":44,"avoid_pass_block":31,"rating":"45%","ranking":27},
{"team":"Patriots","position":"QB2","name":"Marc Wilson","number":"#15","maximum_speed":13,"passing_speed":38,"pass_control":44,"avoid_pass_block":38,"rating":"45%","ranking":28},
{"team":"Bills","position":"QB2","name":"Frank Reich","number":"#14","maximum_speed":13,"passing_speed":31,"pass_control":44,"avoid_pass_block":50,"rating":"44%","ranking":29},
{"team":"Saints","position":"QB1","name":"Steve Walsh","number":"#3","maximum_speed":13,"passing_speed":44,"pass_control":38,"avoid_pass_block":50,"rating":"43%","ranking":30},
{"team":"Falcons","position":"QB1","name":"Chris Miller","number":"#12","maximum_speed":13,"passing_speed":31,"pass_control":44,"avoid_pass_block":31,"rating":"43%","ranking":31},
{"team":"Broncos","position":"QB2","name":"Gary Kubiak","number":"#8","maximum_speed":13,"passing_speed":44,"pass_control":38,"avoid_pass_block":38,"rating":"42%","ranking":32},
{"team":"Buccaneers","position":"QB2","name":"Jeff Carlson","number":"#7","maximum_speed":13,"passing_speed":44,"pass_control":38,"avoid_pass_block":38,"rating":"42%","ranking":33},
{"team":"Cardinals","position":"QB2","name":"Tom Tupa","number":"#19","maximum_speed":13,"passing_speed":44,"pass_control":38,"avoid_pass_block":38,"rating":"42%","ranking":34},
{"team":"Chargers","position":"QB2","name":"Mark Vlasic","number":"#13","maximum_speed":13,"passing_speed":44,"pass_control":38,"avoid_pass_block":38,"rating":"42%","ranking":35},
{"team":"Chiefs","position":"QB2","name":"Mike Elkins","number":"#10","maximum_speed":13,"passing_speed":44,"pass_control":38,"avoid_pass_block":38,"rating":"42%","ranking":36},
{"team":"Cowboys","position":"QB2","name":"Babe Laufenberg","number":"#15","maximum_speed":13,"passing_speed":44,"pass_control":38,"avoid_pass_block":38,"rating":"42%","ranking":37},
{"team":"Packers","position":"QB2","name":"Anthony Dilweg","number":"#8","maximum_speed":13,"passing_speed":44,"pass_control":38,"avoid_pass_block":38,"rating":"42%","ranking":38},
{"team":"Raiders","position":"QB2","name":"Steve Beuerlein","number":"#7","maximum_speed":13,"passing_speed":44,"pass_control":38,"avoid_pass_block":38,"rating":"42%","ranking":39},
{"team":"Rams","position":"QB2","name":"Chuck Long","number":"#16","maximum_speed":13,"passing_speed":44,"pass_control":38,"avoid_pass_block":38,"rating":"42%","ranking":40},
{"team":"Redskins","position":"QB2","name":"Stan Humphries","number":"#16","maximum_speed":13,"passing_speed":44,"pass_control":38,"avoid_pass_block":38,"rating":"42%","ranking":41},
{"team":"Seahawks","position":"QB2","name":"Kelly Stouffer","number":"#11","maximum_speed":13,"passing_speed":44,"pass_control":38,"avoid_pass_block":38,"rating":"42%","ranking":42},
{"team":"Steelers","position":"QB2","name":"Rick Strom","number":"#11","maximum_speed":13,"passing_speed":44,"pass_control":38,"avoid_pass_block":38,"rating":"42%","ranking":43},
{"team":"Steelers","position":"QB1","name":"Bubby Brister","number":"#6","maximum_speed":13,"passing_speed":75,"pass_control":25,"avoid_pass_block":38,"rating":"42%","ranking":44},
{"team":"Browns","position":"QB2","name":"Mike Pagel","number":"#10","maximum_speed":25,"passing_speed":38,"pass_control":31,"avoid_pass_block":38,"rating":"42%","ranking":45},
{"team":"Redskins","position":"QB1","name":"Mark Rypien","number":"#11","maximum_speed":6,"passing_speed":38,"pass_control":44,"avoid_pass_block":38,"rating":"42%","ranking":46},
{"team":"Falcons","position":"QB2","name":"Hugh Millen","number":"#7","maximum_speed":13,"passing_speed":38,"pass_control":38,"avoid_pass_block":38,"rating":"41%","ranking":47},
{"team":"Giants","position":"QB2","name":"Jeff Hostetler","number":"#15","maximum_speed":25,"passing_speed":38,"pass_control":31,"avoid_pass_block":19,"rating":"41%","ranking":48},
{"team":"Colts","position":"QB2","name":"Jack Trudeau","number":"#10","maximum_speed":13,"passing_speed":31,"pass_control":38,"avoid_pass_block":50,"rating":"40%","ranking":49},
{"team":"Oilers","position":"QB2","name":"Cody Carlson","number":"#14","maximum_speed":13,"passing_speed":44,"pass_control":31,"avoid_pass_block":44,"rating":"39%","ranking":50},
{"team":"Bears","position":"QB2","name":"Mike Tomczak","number":"#18","maximum_speed":13,"passing_speed":44,"pass_control":31,"avoid_pass_block":38,"rating":"38%","ranking":51},
{"team":"Eagles","position":"QB2","name":"Jim Mcmahon","number":"#9","maximum_speed":6,"passing_speed":38,"pass_control":38,"avoid_pass_block":38,"rating":"38%","ranking":52},
{"team":"Vikings","position":"QB2","name":"Rich Gannon","number":"#16","maximum_speed":13,"passing_speed":25,"pass_control":38,"avoid_pass_block":31,"rating":"37%","ranking":53},
{"team":"Colts","position":"QB1","name":"Jeff George","number":"#11","maximum_speed":6,"passing_speed":50,"pass_control":31,"avoid_pass_block":25,"rating":"36%","ranking":54},
{"team":"Bears","position":"QB1","name":"Jim Harbaugh","number":"#4","maximum_speed":13,"passing_speed":44,"pass_control":25,"avoid_pass_block":25,"rating":"34%","ranking":55},
{"team":"Patriots","position":"QB1","name":"Steve Grogan","number":"#14","maximum_speed":6,"passing_speed":19,"pass_control":25,"avoid_pass_block":44,"rating":"26%","ranking":56}]
