[{"team":"Eagles","position":"QB1","player":"QB Eagles","number":"#0","maximum_speed":56,"passing_speed":63,"pass_control":69,"avoid_pass_block":63},
{"team":"49ers","position":"QB1","player":"Joe Montana","number":"#16","maximum_speed":19,"passing_speed":56,"pass_control":81,"avoid_pass_block":75},
{"team":"Bills","position":"QB1","player":"QB Bills","number":"#0","maximum_speed":13,"passing_speed":56,"pass_control":81,"avoid_pass_block":81},
{"team":"Oilers","position":"QB1","player":"Warren Moon","number":"#1","maximum_speed":19,"passing_speed":69,"pass_control":75,"avoid_pass_block":63},
{"team":"Dolphins","position":"QB1","player":"Dan Marino","number":"#13","maximum_speed":6,"passing_speed":81,"pass_control":69,"avoid_pass_block":69},
{"team":"Giants","position":"QB1","player":"Phil Simms","number":"#11","maximum_speed":13,"passing_speed":50,"pass_control":63,"avoid_pass_block":81},
{"team":"Bengals","position":"QB1","player":"Boomer Esiason","number":"#7","maximum_speed":19,"passing_speed":63,"pass_control":56,"avoid_pass_block":75},
{"team":"Browns","position":"QB1","player":"QB Browns","number":"#0","maximum_speed":25,"passing_speed":44,"pass_control":75,"avoid_pass_block":44},
{"team":"Seahawks","position":"QB1","player":"Dave Krieg","number":"#17","maximum_speed":13,"passing_speed":25,"pass_control":69,"avoid_pass_block":69},
{"team":"Rams","position":"QB1","player":"Jim Everett","number":"#11","maximum_speed":13,"passing_speed":56,"pass_control":63,"avoid_pass_block":44},
{"team":"Chiefs","position":"QB1","player":"Steve De Berg","number":"#17","maximum_speed":6,"passing_speed":50,"pass_control":63,"avoid_pass_block":56},
{"team":"49ers","position":"QB2","player":"Steve Young","number":"#8","maximum_speed":25,"passing_speed":56,"pass_control":44,"avoid_pass_block":56},
{"team":"Buccaneers","position":"QB1","player":"Vinny Testaverde","number":"#14","maximum_speed":31,"passing_speed":31,"pass_control":56,"avoid_pass_block":44},
{"team":"Packers","position":"QB1","player":"Don Majkowski","number":"#7","maximum_speed":25,"passing_speed":38,"pass_control":50,"avoid_pass_block":50},
{"team":"Broncos","position":"QB1","player":"John Elway","number":"#7","maximum_speed":25,"passing_speed":75,"pass_control":31,"avoid_pass_block":50},
{"team":"Jets","position":"QB1","player":"Ken O.Brien","number":"#7","maximum_speed":13,"passing_speed":56,"pass_control":50,"avoid_pass_block":38},
{"team":"Raiders","position":"QB1","player":"Jay Schroeder","number":"#13","maximum_speed":13,"passing_speed":69,"pass_control":31,"avoid_pass_block":63},
{"team":"Cowboys","position":"QB1","player":"Troy Aikman","number":"#8","maximum_speed":13,"passing_speed":50,"pass_control":44,"avoid_pass_block":50},
{"team":"Chargers","position":"QB1","player":"B.J. Tolliver","number":"#11","maximum_speed":13,"passing_speed":81,"pass_control":31,"avoid_pass_block":44},
{"team":"Dolphins","position":"QB2","player":"Scott Mitchell","number":"#19","maximum_speed":13,"passing_speed":44,"pass_control":44,"avoid_pass_block":50},
{"team":"Lions","position":"QB2","player":"Andre Ware","number":"#11","maximum_speed":25,"passing_speed":44,"pass_control":38,"avoid_pass_block":44},
{"team":"Bengals","position":"QB2","player":"Erik Wilhelm","number":"#4","maximum_speed":13,"passing_speed":44,"pass_control":44,"avoid_pass_block":38},
{"team":"Saints","position":"QB2","player":"John Fourcade","number":"#11","maximum_speed":13,"passing_speed":44,"pass_control":44,"avoid_pass_block":38},
{"team":"Vikings","position":"QB1","player":"Wade Wilson","number":"#11","maximum_speed":13,"passing_speed":44,"pass_control":44,"avoid_pass_block":38},
{"team":"Saints","position":"QB1","player":"Steve Walsh","number":"#3","maximum_speed":13,"passing_speed":44,"pass_control":38,"avoid_pass_block":50},
{"team":"Lions","position":"QB1","player":"Rodney Peete","number":"#9","maximum_speed":31,"passing_speed":38,"pass_control":44,"avoid_pass_block":25},
{"team":"Bills","position":"QB2","player":"Frank Reich","number":"#14","maximum_speed":13,"passing_speed":31,"pass_control":44,"avoid_pass_block":50},
{"team":"Patriots","position":"QB2","player":"Marc Wilson","number":"#15","maximum_speed":13,"passing_speed":38,"pass_control":44,"avoid_pass_block":38},
{"team":"Jets","position":"QB2","player":"Tony Eason","number":"#11","maximum_speed":13,"passing_speed":44,"pass_control":44,"avoid_pass_block":31},
{"team":"Steelers","position":"QB1","player":"Bubby Brister","number":"#6","maximum_speed":13,"passing_speed":75,"pass_control":25,"avoid_pass_block":38},
{"team":"Broncos","position":"QB2","player":"Gary Kubiak","number":"#8","maximum_speed":13,"passing_speed":44,"pass_control":38,"avoid_pass_block":38},
{"team":"Buccaneers","position":"QB2","player":"Jeff Carlson","number":"#7","maximum_speed":13,"passing_speed":44,"pass_control":38,"avoid_pass_block":38},
{"team":"Cardinals","position":"QB2","player":"Tom Tupa","number":"#19","maximum_speed":13,"passing_speed":44,"pass_control":38,"avoid_pass_block":38},
{"team":"Chargers","position":"QB2","player":"Mark Vlasic","number":"#13","maximum_speed":13,"passing_speed":44,"pass_control":38,"avoid_pass_block":38},
{"team":"Chiefs","position":"QB2","player":"Mike Elkins","number":"#10","maximum_speed":13,"passing_speed":44,"pass_control":38,"avoid_pass_block":38},
{"team":"Cowboys","position":"QB2","player":"Babe Laufenberg","number":"#15","maximum_speed":13,"passing_speed":44,"pass_control":38,"avoid_pass_block":38},
{"team":"Packers","position":"QB2","player":"Anthony Dilweg","number":"#8","maximum_speed":13,"passing_speed":44,"pass_control":38,"avoid_pass_block":38},
{"team":"Raiders","position":"QB2","player":"Steve Beuerlein","number":"#7","maximum_speed":13,"passing_speed":44,"pass_control":38,"avoid_pass_block":38},
{"team":"Rams","position":"QB2","player":"Chuck Long","number":"#16","maximum_speed":13,"passing_speed":44,"pass_control":38,"avoid_pass_block":38},
{"team":"Redskins","position":"QB2","player":"Stan Humphries","number":"#16","maximum_speed":13,"passing_speed":44,"pass_control":38,"avoid_pass_block":38},
{"team":"Seahawks","position":"QB2","player":"Kelly Stouffer","number":"#11","maximum_speed":13,"passing_speed":44,"pass_control":38,"avoid_pass_block":38},
{"team":"Steelers","position":"QB2","player":"Rick Strom","number":"#11","maximum_speed":13,"passing_speed":44,"pass_control":38,"avoid_pass_block":38},
{"team":"Redskins","position":"QB1","player":"Mark Rypien","number":"#11","maximum_speed":6,"passing_speed":38,"pass_control":44,"avoid_pass_block":38},
{"team":"Colts","position":"QB2","player":"Jack Trudeau","number":"#10","maximum_speed":13,"passing_speed":31,"pass_control":38,"avoid_pass_block":50},
{"team":"Cardinals","position":"QB1","player":"Timm Rosenbach","number":"#3","maximum_speed":19,"passing_speed":31,"pass_control":44,"avoid_pass_block":31},
{"team":"Falcons","position":"QB2","player":"Hugh Millen","number":"#7","maximum_speed":13,"passing_speed":38,"pass_control":38,"avoid_pass_block":38},
{"team":"Falcons","position":"QB1","player":"Chris Miller","number":"#12","maximum_speed":13,"passing_speed":31,"pass_control":44,"avoid_pass_block":31},
{"team":"Browns","position":"QB2","player":"Mike Pagel","number":"#10","maximum_speed":25,"passing_speed":38,"pass_control":31,"avoid_pass_block":38},
{"team":"Oilers","position":"QB2","player":"Cody Carlson","number":"#14","maximum_speed":13,"passing_speed":44,"pass_control":31,"avoid_pass_block":44},
{"team":"Eagles","position":"QB2","player":"Jim Mcmahon","number":"#9","maximum_speed":6,"passing_speed":38,"pass_control":38,"avoid_pass_block":38},
{"team":"Bears","position":"QB2","player":"Mike Tomczak","number":"#18","maximum_speed":13,"passing_speed":44,"pass_control":31,"avoid_pass_block":38},
{"team":"Vikings","position":"QB2","player":"Rich Gannon","number":"#16","maximum_speed":13,"passing_speed":25,"pass_control":38,"avoid_pass_block":31},
{"team":"Giants","position":"QB2","player":"Jeff Hostetler","number":"#15","maximum_speed":25,"passing_speed":38,"pass_control":31,"avoid_pass_block":19},
{"team":"Colts","position":"QB1","player":"Jeff George","number":"#11","maximum_speed":6,"passing_speed":50,"pass_control":31,"avoid_pass_block":25},
{"team":"Bears","position":"QB1","player":"Jim Harbaugh","number":"#4","maximum_speed":13,"passing_speed":44,"pass_control":25,"avoid_pass_block":25},
{"team":"Patriots","position":"QB1","player":"Steve Grogan","number":"#14","maximum_speed":6,"passing_speed":19,"pass_control":25,"avoid_pass_block":44}]
