{
  "full_name": "Los Angeles Rams",
  "short_name": "rams",
  "players": [
    {"team":"Rams","position":"QB1","name":"Jim Everett","number":"#11","maximum_speed":13,"passing_speed":56,"pass_control":63,"avoid_pass_block":44,"rating":"61%","ranking":9},
    {"team":"Rams","position":"QB2","name":"Chuck Long","number":"#16","maximum_speed":13,"passing_speed":44,"pass_control":38,"avoid_pass_block":38,"rating":"42%","ranking":40},
    {"team":"Rams","position":"RB1","name":"Cleveland Gary","number":"#43","running_speed":38,"maximum_speed":50,"kick_return_maximum_speed":31,"punt_return_maximum_speed":50,"hitting_power":38,"ball_control":38,"receptions":38,"rushing_rating":"57%","rushing_ranking":45,"receiving_rating":"52%","receiving_ranking":91,"kick_return_rating":"59%","kick_return_ranking":57,"punt_return_rating":"63%","punt_return_ranking":105},
    {"team":"Rams","position":"RB2","name":"Curt Warner","number":"#21","running_speed":38,"maximum_speed":38,"kick_return_maximum_speed":31,"punt_return_maximum_speed":50,"hitting_power":31,"ball_control":50,"receptions":25,"rushing_rating":"46%","rushing_ranking":121,"receiving_rating":"40%","receiving_ranking":217,"kick_return_rating":"61%","kick_return_ranking":52,"punt_return_rating":"63%","punt_return_ranking":104},
    {"team":"Rams","position":"RB3","name":"Gaston Green","number":"#44","running_speed":38,"maximum_speed":44,"kick_return_maximum_speed":31,"punt_return_maximum_speed":50,"hitting_power":25,"ball_control":50,"receptions":25,"rushing_rating":"52%","rushing_ranking":71,"receiving_rating":"42%","receiving_ranking":188,"kick_return_rating":"61%","kick_return_ranking":50,"punt_return_rating":"63%","punt_return_ranking":103},
    {"team":"Rams","position":"RB4","name":"Buford Mcgee","number":"#24","running_speed":38,"maximum_speed":44,"kick_return_maximum_speed":31,"punt_return_maximum_speed":50,"hitting_power":31,"ball_control":50,"receptions":50,"rushing_rating":"53%","rushing_ranking":59,"receiving_rating":"58%","receiving_ranking":65,"kick_return_rating":"61%","kick_return_ranking":43,"punt_return_rating":"63%","punt_return_ranking":102},
    {"team":"Rams","position":"WR1","name":"Henry Ellard","number":"#80","running_speed":44,"maximum_speed":56,"kick_return_maximum_speed":31,"punt_return_maximum_speed":50,"hitting_power":13,"ball_control":50,"receptions":81,"rushing_rating":"67%","rushing_ranking":16,"receiving_rating":"82%","receiving_ranking":3,"kick_return_rating":"62%","kick_return_ranking":32,"punt_return_rating":"65%","punt_return_ranking":91},
    {"team":"Rams","position":"WR2","name":"Willie Anderson","number":"#83","running_speed":44,"maximum_speed":56,"kick_return_maximum_speed":31,"punt_return_maximum_speed":50,"hitting_power":13,"ball_control":50,"receptions":75,"rushing_rating":"67%","rushing_ranking":17,"receiving_rating":"79%","receiving_ranking":6,"kick_return_rating":"62%","kick_return_ranking":34,"punt_return_rating":"65%","punt_return_ranking":92},
    {"team":"Rams","position":"WR3","name":"Derrick Faison","number":"#89","running_speed":25,"maximum_speed":25,"kick_return_maximum_speed":31,"punt_return_maximum_speed":50,"hitting_power":13,"ball_control":50,"receptions":44,"rushing_rating":"33%","rushing_ranking":233,"receiving_rating":"44%","receiving_ranking":175,"kick_return_rating":"56%","kick_return_ranking":75,"punt_return_rating":"59%","punt_return_ranking":140},
    {"team":"Rams","position":"WR4","name":"Aaron Cox","number":"#84","running_speed":31,"maximum_speed":31,"kick_return_maximum_speed":31,"punt_return_maximum_speed":50,"hitting_power":13,"ball_control":50,"receptions":44,"rushing_rating":"40%","rushing_ranking":171,"receiving_rating":"48%","receiving_ranking":142,"kick_return_rating":"58%","kick_return_ranking":62,"punt_return_rating":"61%","punt_return_ranking":122},
    {"team":"Rams","position":"TE1","name":"Pete Holohan","number":"#81","running_speed":25,"maximum_speed":19,"kick_return_maximum_speed":31,"punt_return_maximum_speed":50,"hitting_power":56,"ball_control":50,"receptions":56,"rushing_rating":"28%","rushing_ranking":246,"receiving_rating":"49%","receiving_ranking":115,"kick_return_rating":"56%","kick_return_ranking":68,"punt_return_rating":"59%","punt_return_ranking":137},
    {"team":"Rams","position":"TE2","name":"Damone Johnson","number":"#86","running_speed":25,"maximum_speed":19,"kick_return_maximum_speed":31,"punt_return_maximum_speed":50,"hitting_power":44,"ball_control":50,"receptions":31,"rushing_rating":"27%","rushing_ranking":273,"receiving_rating":"34%","receiving_ranking":271,"kick_return_rating":"56%","kick_return_ranking":80,"punt_return_rating":"59%","punt_return_ranking":141},
    {"team":"Rams","position":"C","name":"Doug Smith","number":"#56","maximum_speed":38,"hitting_power":63,"rating":"77%","ranking":18},
    {"team":"Rams","position":"LG","name":"Tom Newberry","number":"#66","maximum_speed":31,"hitting_power":50,"rating":"62%","ranking":76},
    {"team":"Rams","position":"RG","name":"Bern Brostek","number":"#61","maximum_speed":25,"hitting_power":56,"rating":"60%","ranking":92},
    {"team":"Rams","position":"LT","name":"Irv Pankey","number":"#75","maximum_speed":25,"hitting_power":63,"rating":"64%","ranking":64},
    {"team":"Rams","position":"RT","name":"Jackie Slater","number":"#78","maximum_speed":31,"hitting_power":63,"rating":"70%","ranking":40},
    {"team":"Rams","position":"RE","name":"Brian Smith","number":"#96","running_speed":25,"rushing_power":31,"maximum_speed":38,"hitting_power":38,"pass_interceptions":19,"rating":"49%","ranking":82},
    {"team":"Rams","position":"NT","name":"Alvin Wright","number":"#99","running_speed":25,"rushing_power":31,"maximum_speed":38,"hitting_power":50,"pass_interceptions":19,"rating":"56%","ranking":62},
    {"team":"Rams","position":"LE","name":"Doug Reed","number":"#93","running_speed":25,"rushing_power":31,"maximum_speed":38,"hitting_power":44,"pass_interceptions":19,"rating":"53%","ranking":75},
    {"team":"Rams","position":"ROLB","name":"Mike Wilcher","number":"#54","running_speed":25,"rushing_power":31,"maximum_speed":38,"hitting_power":38,"pass_interceptions":19,"rating":"50%","ranking":92},
    {"team":"Rams","position":"RILB","name":"Fred Strickland","number":"#53","running_speed":25,"rushing_power":31,"maximum_speed":38,"hitting_power":38,"pass_interceptions":19,"rating":"50%","ranking":93},
    {"team":"Rams","position":"LILB","name":"Frank Stams","number":"#50","running_speed":25,"rushing_power":31,"maximum_speed":38,"hitting_power":31,"pass_interceptions":19,"rating":"47%","ranking":106},
    {"team":"Rams","position":"LOLB","name":"Kevin Greene","number":"#91","running_speed":38,"rushing_power":50,"maximum_speed":56,"hitting_power":69,"pass_interceptions":19,"rating":"80%","ranking":7},
    {"team":"Rams","position":"RCB","name":"Bobby Humphery","number":"#48","running_speed":31,"rushing_power":38,"maximum_speed":50,"hitting_power":31,"pass_interceptions":56,"rating":"65%","ranking":41},
    {"team":"Rams","position":"LCB","name":"Jerry Gray","number":"#25","running_speed":25,"rushing_power":31,"maximum_speed":38,"hitting_power":31,"pass_interceptions":38,"rating":"49%","ranking":102},
    {"team":"Rams","position":"FS","name":"Anthony Newman","number":"#26","running_speed":25,"rushing_power":31,"maximum_speed":31,"hitting_power":44,"pass_interceptions":44,"rating":"52%","ranking":93},
    {"team":"Rams","position":"SS","name":"Vince Newsome","number":"#22","running_speed":31,"rushing_power":38,"maximum_speed":50,"hitting_power":31,"pass_interceptions":56,"rating":"65%","ranking":40},
    {"team":"Rams","position":"K","name":"Mike Lansford","number":"#1","kicking_ability":19,"avoid_kick_block":25,"rating":"26%","ranking":28},
    {"team":"Rams","position":"P","name":"Keith English","number":"#8","kicking_ability":19,"avoid_kick_block":50,"rating":"35%","ranking":26}
  ]
}

