{
  "full_name": "Washington Redskins",
  "short_name": "redskins",
  "players": [
    {"team":"Redskins","position":"QB2","name":"Stan Humphries","number":"#16","maximum_speed":13,"passing_speed":44,"pass_control":38,"avoid_pass_block":38,"rating":"42%","ranking":41},
    {"team":"Redskins","position":"QB1","name":"Mark Rypien","number":"#11","maximum_speed":6,"passing_speed":38,"pass_control":44,"avoid_pass_block":38,"rating":"42%","ranking":46},
    {"team":"Redskins","position":"RB1","name":"Earnest Byner","number":"#21","running_speed":38,"maximum_speed":50,"kick_return_maximum_speed":25,"punt_return_maximum_speed":44,"hitting_power":25,"ball_control":81,"receptions":38,"rushing_rating":"60%","rushing_ranking":36,"receiving_rating":"54%","receiving_ranking":76,"kick_return_rating":"56%","kick_return_ranking":86,"punt_return_rating":"57%","punt_return_ranking":175},
    {"team":"Redskins","position":"RB2","name":"Gerald Riggs","number":"#37","running_speed":44,"maximum_speed":31,"kick_return_maximum_speed":25,"punt_return_maximum_speed":44,"hitting_power":81,"ball_control":81,"receptions":19,"rushing_rating":"48%","rushing_ranking":82,"receiving_rating":"39%","receiving_ranking":225,"kick_return_rating":"64%","kick_return_ranking":29,"punt_return_rating":"65%","punt_return_ranking":95},
    {"team":"Redskins","position":"RB3","name":"Kelvin Bryant","number":"#24","running_speed":38,"maximum_speed":44,"kick_return_maximum_speed":25,"punt_return_maximum_speed":44,"hitting_power":19,"ball_control":81,"receptions":38,"rushing_rating":"54%","rushing_ranking":51,"receiving_rating":"52%","receiving_ranking":89,"kick_return_rating":"56%","kick_return_ranking":88,"punt_return_rating":"57%","punt_return_ranking":177},
    {"team":"Redskins","position":"RB4","name":"Brian Mitchell","number":"#30","running_speed":38,"maximum_speed":38,"kick_return_maximum_speed":25,"punt_return_maximum_speed":44,"hitting_power":31,"ball_control":81,"receptions":25,"rushing_rating":"48%","rushing_ranking":87,"receiving_rating":"42%","receiving_ranking":202,"kick_return_rating":"56%","kick_return_ranking":92,"punt_return_rating":"57%","punt_return_ranking":181},
    {"team":"Redskins","position":"WR1","name":"Ricky Sanders","number":"#83","running_speed":44,"maximum_speed":56,"kick_return_maximum_speed":25,"punt_return_maximum_speed":44,"hitting_power":13,"ball_control":81,"receptions":56,"rushing_rating":"68%","rushing_ranking":15,"receiving_rating":"69%","receiving_ranking":18,"kick_return_rating":"58%","kick_return_ranking":65,"punt_return_rating":"59%","punt_return_ranking":160},
    {"team":"Redskins","position":"WR2","name":"Art Monk","number":"#81","running_speed":38,"maximum_speed":44,"kick_return_maximum_speed":25,"punt_return_maximum_speed":44,"hitting_power":38,"ball_control":81,"receptions":63,"rushing_rating":"56%","rushing_ranking":47,"receiving_rating":"68%","receiving_ranking":25,"kick_return_rating":"56%","kick_return_ranking":85,"punt_return_rating":"57%","punt_return_ranking":174},
    {"team":"Redskins","position":"WR3","name":"Gary Clark","number":"#84","running_speed":38,"maximum_speed":50,"kick_return_maximum_speed":25,"punt_return_maximum_speed":44,"hitting_power":13,"ball_control":81,"receptions":75,"rushing_rating":"62%","rushing_ranking":30,"receiving_rating":"77%","receiving_ranking":9,"kick_return_rating":"56%","kick_return_ranking":83,"punt_return_rating":"57%","punt_return_ranking":172},
    {"team":"Redskins","position":"WR4","name":"Joe Howard","number":"#80","running_speed":25,"maximum_speed":25,"kick_return_maximum_speed":25,"punt_return_maximum_speed":44,"hitting_power":13,"ball_control":81,"receptions":44,"rushing_rating":"35%","rushing_ranking":193,"receiving_rating":"46%","receiving_ranking":147,"kick_return_rating":"52%","kick_return_ranking":162,"punt_return_rating":"53%","punt_return_ranking":220},
    {"team":"Redskins","position":"TE1","name":"Don Warren","number":"#85","running_speed":25,"maximum_speed":19,"kick_return_maximum_speed":25,"punt_return_maximum_speed":44,"hitting_power":38,"ball_control":81,"receptions":31,"rushing_rating":"29%","rushing_ranking":245,"receiving_rating":"36%","receiving_ranking":252,"kick_return_rating":"52%","kick_return_ranking":164,"punt_return_rating":"53%","punt_return_ranking":222},
    {"team":"Redskins","position":"TE2","name":"Jimmie Johnson","number":"#88","running_speed":25,"maximum_speed":25,"kick_return_maximum_speed":25,"punt_return_maximum_speed":44,"hitting_power":38,"ball_control":81,"receptions":31,"rushing_rating":"34%","rushing_ranking":205,"receiving_rating":"38%","receiving_ranking":232,"kick_return_rating":"52%","kick_return_ranking":163,"punt_return_rating":"53%","punt_return_ranking":221},
    {"team":"Redskins","position":"C","name":"Jeff Bostic","number":"#53","maximum_speed":38,"hitting_power":69,"rating":"81%","ranking":15},
    {"team":"Redskins","position":"LG","name":"Russ Grimm","number":"#68","maximum_speed":38,"hitting_power":56,"rating":"73%","ranking":30},
    {"team":"Redskins","position":"RG","name":"Raleigh Mckenzie","number":"#63","maximum_speed":38,"hitting_power":56,"rating":"73%","ranking":31},
    {"team":"Redskins","position":"LT","name":"Jim Lachey","number":"#79","maximum_speed":31,"hitting_power":69,"rating":"74%","ranking":25},
    {"team":"Redskins","position":"RT","name":"Ed Simmons","number":"#76","maximum_speed":25,"hitting_power":63,"rating":"64%","ranking":65},
    {"team":"Redskins","position":"RE","name":"Markus Koch","number":"#74","running_speed":25,"rushing_power":38,"maximum_speed":44,"hitting_power":44,"pass_interceptions":19,"rating":"57%","ranking":46},
    {"team":"Redskins","position":"NT","name":"Darryl Grant","number":"#77","running_speed":25,"rushing_power":31,"maximum_speed":38,"hitting_power":50,"pass_interceptions":19,"rating":"56%","ranking":63},
    {"team":"Redskins","position":"LE","name":"Charles Mann","number":"#71","running_speed":31,"rushing_power":44,"maximum_speed":50,"hitting_power":56,"pass_interceptions":19,"rating":"69%","ranking":20},
    {"team":"Redskins","position":"ROLB","name":"Wilber Marshall","number":"#58","running_speed":25,"rushing_power":31,"maximum_speed":38,"hitting_power":50,"pass_interceptions":31,"rating":"58%","ranking":48},
    {"team":"Redskins","position":"RILB","name":"Greg Manusky","number":"#91","running_speed":25,"rushing_power":31,"maximum_speed":38,"hitting_power":44,"pass_interceptions":19,"rating":"53%","ranking":77},
    {"team":"Redskins","position":"LILB","name":"Tracy Rocker","number":"#99","running_speed":25,"rushing_power":31,"maximum_speed":38,"hitting_power":50,"pass_interceptions":19,"rating":"55%","ranking":65},
    {"team":"Redskins","position":"LOLB","name":"Andre Collins","number":"#55","running_speed":25,"rushing_power":38,"maximum_speed":44,"hitting_power":38,"pass_interceptions":19,"rating":"56%","ranking":64},
    {"team":"Redskins","position":"RCB","name":"Darrell Green","number":"#28","running_speed":44,"rushing_power":56,"maximum_speed":75,"hitting_power":44,"pass_interceptions":44,"rating":"76%","ranking":13},
    {"team":"Redskins","position":"LCB","name":"Martin Mayhew","number":"#35","running_speed":38,"rushing_power":50,"maximum_speed":63,"hitting_power":31,"pass_interceptions":69,"rating":"81%","ranking":10},
    {"team":"Redskins","position":"FS","name":"Todd Bowles","number":"#23","running_speed":25,"rushing_power":31,"maximum_speed":44,"hitting_power":44,"pass_interceptions":50,"rating":"56%","ranking":71},
    {"team":"Redskins","position":"SS","name":"Alvin Walton","number":"#40","running_speed":25,"rushing_power":31,"maximum_speed":44,"hitting_power":31,"pass_interceptions":44,"rating":"53%","ranking":89},
    {"team":"Redskins","position":"K","name":"Chip Lohmiller","number":"#8","kicking_ability":50,"avoid_kick_block":81,"rating":"73%","ranking":7},
    {"team":"Redskins","position":"P","name":"Kelly Goodburn","number":"#2","kicking_ability":25,"avoid_kick_block":50,"rating":"40%","ranking":21}
  ]
}

