{
  "full_name": "New Orleans Saints",
  "short_name": "saints",
  "players": [
    {"team":"Saints","position":"QB2","name":"John Fourcade","number":"#11","maximum_speed":13,"passing_speed":44,"pass_control":44,"avoid_pass_block":38,"rating":"46%","ranking":23},
    {"team":"Saints","position":"QB1","name":"Steve Walsh","number":"#3","maximum_speed":13,"passing_speed":44,"pass_control":38,"avoid_pass_block":50,"rating":"43%","ranking":30},
    {"team":"Saints","position":"RB1","name":"Craig Heyward","number":"#34","running_speed":44,"maximum_speed":25,"kick_return_maximum_speed":44,"punt_return_maximum_speed":50,"hitting_power":94,"ball_control":50,"receptions":31,"rushing_rating":"45%","rushing_ranking":132,"receiving_rating":"44%","receiving_ranking":177,"kick_return_rating":"90%","kick_return_ranking":1,"punt_return_rating":"75%","punt_return_ranking":25},
    {"team":"Saints","position":"RB2","name":"Dalton Hilliard","number":"#21","running_speed":38,"maximum_speed":50,"kick_return_maximum_speed":44,"punt_return_maximum_speed":50,"hitting_power":25,"ball_control":50,"receptions":25,"rushing_rating":"57%","rushing_ranking":46,"receiving_rating":"45%","receiving_ranking":160,"kick_return_rating":"78%","kick_return_ranking":10,"punt_return_rating":"63%","punt_return_ranking":99},
    {"team":"Saints","position":"RB3","name":"Rueben Mayes","number":"#36","running_speed":38,"maximum_speed":44,"kick_return_maximum_speed":44,"punt_return_maximum_speed":50,"hitting_power":25,"ball_control":50,"receptions":31,"rushing_rating":"52%","rushing_ranking":67,"receiving_rating":"46%","receiving_ranking":153,"kick_return_rating":"78%","kick_return_ranking":8,"punt_return_rating":"63%","punt_return_ranking":97},
    {"team":"Saints","position":"RB4","name":"Gil Fenerty","number":"#22","running_speed":38,"maximum_speed":44,"kick_return_maximum_speed":44,"punt_return_maximum_speed":50,"hitting_power":25,"ball_control":50,"receptions":31,"rushing_rating":"52%","rushing_ranking":68,"receiving_rating":"46%","receiving_ranking":154,"kick_return_rating":"78%","kick_return_ranking":9,"punt_return_rating":"63%","punt_return_ranking":98},
    {"team":"Saints","position":"WR1","name":"Eric Martin","number":"#84","running_speed":31,"maximum_speed":38,"kick_return_maximum_speed":44,"punt_return_maximum_speed":50,"hitting_power":13,"ball_control":50,"receptions":69,"rushing_rating":"48%","rushing_ranking":89,"receiving_rating":"66%","receiving_ranking":31,"kick_return_rating":"76%","kick_return_ranking":16,"punt_return_rating":"61%","punt_return_ranking":120},
    {"team":"Saints","position":"WR2","name":"Brent Perriman","number":"#80","running_speed":25,"maximum_speed":25,"kick_return_maximum_speed":44,"punt_return_maximum_speed":50,"hitting_power":13,"ball_control":50,"receptions":50,"rushing_rating":"33%","rushing_ranking":219,"receiving_rating":"48%","receiving_ranking":130,"kick_return_rating":"74%","kick_return_ranking":18,"punt_return_rating":"59%","punt_return_ranking":131},
    {"team":"Saints","position":"WR3","name":"Lonzell Hill","number":"#87","running_speed":25,"maximum_speed":19,"kick_return_maximum_speed":44,"punt_return_maximum_speed":50,"hitting_power":13,"ball_control":50,"receptions":44,"rushing_rating":"28%","rushing_ranking":258,"receiving_rating":"42%","receiving_ranking":197,"kick_return_rating":"74%","kick_return_ranking":19,"punt_return_rating":"59%","punt_return_ranking":132},
    {"team":"Saints","position":"WR4","name":"Floyd Turner","number":"#88","running_speed":31,"maximum_speed":31,"kick_return_maximum_speed":44,"punt_return_maximum_speed":50,"hitting_power":13,"ball_control":50,"receptions":44,"rushing_rating":"40%","rushing_ranking":172,"receiving_rating":"48%","receiving_ranking":143,"kick_return_rating":"76%","kick_return_ranking":17,"punt_return_rating":"61%","punt_return_ranking":121},
    {"team":"Saints","position":"TE1","name":"Hoby Brenner","number":"#85","running_speed":25,"maximum_speed":19,"kick_return_maximum_speed":44,"punt_return_maximum_speed":50,"hitting_power":44,"ball_control":50,"receptions":38,"rushing_rating":"27%","rushing_ranking":261,"receiving_rating":"38%","receiving_ranking":231,"kick_return_rating":"74%","kick_return_ranking":20,"punt_return_rating":"59%","punt_return_ranking":133},
    {"team":"Saints","position":"TE2","name":"John Tice","number":"#82","running_speed":25,"maximum_speed":19,"kick_return_maximum_speed":44,"punt_return_maximum_speed":50,"hitting_power":38,"ball_control":50,"receptions":31,"rushing_rating":"27%","rushing_ranking":274,"receiving_rating":"34%","receiving_ranking":272,"kick_return_rating":"74%","kick_return_ranking":21,"punt_return_rating":"59%","punt_return_ranking":134},
    {"team":"Saints","position":"C","name":"Joel Hilgenberg","number":"#61","maximum_speed":44,"hitting_power":50,"rating":"75%","ranking":21},
    {"team":"Saints","position":"LG","name":"Jim Dombrowski","number":"#72","maximum_speed":31,"hitting_power":69,"rating":"74%","ranking":26},
    {"team":"Saints","position":"RG","name":"Steve Trapilo","number":"#65","maximum_speed":31,"hitting_power":50,"rating":"62%","ranking":77},
    {"team":"Saints","position":"LT","name":"Kevin Haverdink","number":"#74","maximum_speed":25,"hitting_power":56,"rating":"60%","ranking":93},
    {"team":"Saints","position":"RT","name":"Stan Brock","number":"#67","maximum_speed":44,"hitting_power":69,"rating":"87%","ranking":7},
    {"team":"Saints","position":"RE","name":"Renaldo Turnbull","number":"#97","running_speed":31,"rushing_power":44,"maximum_speed":50,"hitting_power":63,"pass_interceptions":19,"rating":"72%","ranking":15},
    {"team":"Saints","position":"NT","name":"Jim Wilks","number":"#94","running_speed":31,"rushing_power":44,"maximum_speed":50,"hitting_power":56,"pass_interceptions":19,"rating":"69%","ranking":21},
    {"team":"Saints","position":"LE","name":"Wayne Martin","number":"#93","running_speed":25,"rushing_power":31,"maximum_speed":38,"hitting_power":44,"pass_interceptions":19,"rating":"53%","ranking":76},
    {"team":"Saints","position":"ROLB","name":"Pat Swilling","number":"#56","running_speed":31,"rushing_power":44,"maximum_speed":50,"hitting_power":63,"pass_interceptions":19,"rating":"72%","ranking":27},
    {"team":"Saints","position":"RILB","name":"Vaughan Johnson","number":"#53","running_speed":31,"rushing_power":44,"maximum_speed":50,"hitting_power":63,"pass_interceptions":19,"rating":"72%","ranking":28},
    {"team":"Saints","position":"LILB","name":"Sam Mills","number":"#51","running_speed":25,"rushing_power":38,"maximum_speed":44,"hitting_power":50,"pass_interceptions":19,"rating":"60%","ranking":44},
    {"team":"Saints","position":"LOLB","name":"Rickey Jackson","number":"#57","running_speed":25,"rushing_power":31,"maximum_speed":38,"hitting_power":38,"pass_interceptions":19,"rating":"50%","ranking":94},
    {"team":"Saints","position":"RCB","name":"Toi Cook","number":"#41","running_speed":25,"rushing_power":31,"maximum_speed":38,"hitting_power":38,"pass_interceptions":44,"rating":"52%","ranking":91},
    {"team":"Saints","position":"LCB","name":"Robert Massey","number":"#40","running_speed":31,"rushing_power":38,"maximum_speed":50,"hitting_power":44,"pass_interceptions":56,"rating":"65%","ranking":38},
    {"team":"Saints","position":"FS","name":"Gene Atkins","number":"#28","running_speed":25,"rushing_power":31,"maximum_speed":38,"hitting_power":44,"pass_interceptions":44,"rating":"53%","ranking":88},
    {"team":"Saints","position":"SS","name":"Brett Maxie","number":"#39","running_speed":31,"rushing_power":38,"maximum_speed":50,"hitting_power":44,"pass_interceptions":44,"rating":"60%","ranking":58},
    {"team":"Saints","position":"K","name":"Morten Andersen","number":"#7","kicking_ability":56,"avoid_kick_block":69,"rating":"74%","ranking":6},
    {"team":"Saints","position":"P","name":"Tommy Barnhardt","number":"#6","kicking_ability":63,"avoid_kick_block":44,"rating":"71%","ranking":11}
  ]
}

