{
  "full_name": "Seattle Seahawks",
  "short_name": "seahawks",
  "players": [
    {"team":"Seahawks","position":"QB1","name":"Dave Krieg","number":"#17","maximum_speed":13,"passing_speed":25,"pass_control":69,"avoid_pass_block":69,"rating":"59%","ranking":10},
    {"team":"Seahawks","position":"QB2","name":"Kelly Stouffer","number":"#11","maximum_speed":13,"passing_speed":44,"pass_control":38,"avoid_pass_block":38,"rating":"42%","ranking":42},
    {"team":"Seahawks","position":"RB1","name":"John L. Williams","number":"#32","running_speed":44,"maximum_speed":25,"kick_return_maximum_speed":25,"punt_return_maximum_speed":50,"hitting_power":38,"ball_control":50,"receptions":63,"rushing_rating":"37%","rushing_ranking":188,"receiving_rating":"59%","receiving_ranking":55,"kick_return_rating":"54%","kick_return_ranking":97,"punt_return_rating":"65%","punt_return_ranking":94},
    {"team":"Seahawks","position":"RB2","name":"Derrick Fenner","number":"#44","running_speed":56,"maximum_speed":25,"kick_return_maximum_speed":25,"punt_return_maximum_speed":50,"hitting_power":75,"ball_control":50,"receptions":25,"rushing_rating":"41%","rushing_ranking":144,"receiving_rating":"39%","receiving_ranking":223,"kick_return_rating":"62%","kick_return_ranking":41,"punt_return_rating":"73%","punt_return_ranking":31},
    {"team":"Seahawks","position":"RB3","name":"James Jones","number":"#30","running_speed":38,"maximum_speed":38,"kick_return_maximum_speed":25,"punt_return_maximum_speed":50,"hitting_power":31,"ball_control":50,"receptions":25,"rushing_rating":"46%","rushing_ranking":122,"receiving_rating":"40%","receiving_ranking":218,"kick_return_rating":"52%","kick_return_ranking":151,"punt_return_rating":"63%","punt_return_ranking":113},
    {"team":"Seahawks","position":"RB4","name":"Chris Warren","number":"#42","running_speed":38,"maximum_speed":38,"kick_return_maximum_speed":25,"punt_return_maximum_speed":50,"hitting_power":31,"ball_control":50,"receptions":25,"rushing_rating":"46%","rushing_ranking":123,"receiving_rating":"40%","receiving_ranking":219,"kick_return_rating":"52%","kick_return_ranking":152,"punt_return_rating":"63%","punt_return_ranking":114},
    {"team":"Seahawks","position":"WR1","name":"Brian Blades","number":"#89","running_speed":31,"maximum_speed":31,"kick_return_maximum_speed":25,"punt_return_maximum_speed":50,"hitting_power":13,"ball_control":50,"receptions":50,"rushing_rating":"40%","rushing_ranking":160,"receiving_rating":"51%","receiving_ranking":104,"kick_return_rating":"50%","kick_return_ranking":177,"punt_return_rating":"61%","punt_return_ranking":125},
    {"team":"Seahawks","position":"WR2","name":"Tommy Kane","number":"#81","running_speed":31,"maximum_speed":38,"kick_return_maximum_speed":25,"punt_return_maximum_speed":50,"hitting_power":13,"ball_control":50,"receptions":56,"rushing_rating":"47%","rushing_ranking":103,"receiving_rating":"58%","receiving_ranking":62,"kick_return_rating":"50%","kick_return_ranking":173,"punt_return_rating":"61%","punt_return_ranking":124},
    {"team":"Seahawks","position":"WR3","name":"Paul Skansi","number":"#82","running_speed":25,"maximum_speed":25,"kick_return_maximum_speed":25,"punt_return_maximum_speed":50,"hitting_power":13,"ball_control":50,"receptions":44,"rushing_rating":"33%","rushing_ranking":234,"receiving_rating":"44%","receiving_ranking":176,"kick_return_rating":"48%","kick_return_ranking":217,"punt_return_rating":"59%","punt_return_ranking":146},
    {"team":"Seahawks","position":"WR4","name":"Jeff Chadwick","number":"#88","running_speed":31,"maximum_speed":38,"kick_return_maximum_speed":25,"punt_return_maximum_speed":50,"hitting_power":13,"ball_control":50,"receptions":44,"rushing_rating":"46%","rushing_ranking":111,"receiving_rating":"50%","receiving_ranking":108,"kick_return_rating":"50%","kick_return_ranking":180,"punt_return_rating":"61%","punt_return_ranking":126},
    {"team":"Seahawks","position":"TE1","name":"Ron Heller","number":"#85","running_speed":25,"maximum_speed":19,"kick_return_maximum_speed":25,"punt_return_maximum_speed":50,"hitting_power":44,"ball_control":50,"receptions":31,"rushing_rating":"27%","rushing_ranking":275,"receiving_rating":"34%","receiving_ranking":273,"kick_return_rating":"48%","kick_return_ranking":237,"punt_return_rating":"59%","punt_return_ranking":151},
    {"team":"Seahawks","position":"TE2","name":"Travis Mcneal","number":"#86","running_speed":25,"maximum_speed":25,"kick_return_maximum_speed":25,"punt_return_maximum_speed":50,"hitting_power":44,"ball_control":50,"receptions":31,"rushing_rating":"32%","rushing_ranking":239,"receiving_rating":"36%","receiving_ranking":250,"kick_return_rating":"48%","kick_return_ranking":230,"punt_return_rating":"59%","punt_return_ranking":149},
    {"team":"Seahawks","position":"C","name":"Grant Feasel","number":"#54","maximum_speed":31,"hitting_power":56,"rating":"66%","ranking":53},
    {"team":"Seahawks","position":"LG","name":"Edwin Bailey","number":"#65","maximum_speed":38,"hitting_power":44,"rating":"65%","ranking":59},
    {"team":"Seahawks","position":"RG","name":"Bryan Millard","number":"#71","maximum_speed":31,"hitting_power":50,"rating":"62%","ranking":78},
    {"team":"Seahawks","position":"LT","name":"Andy Heck","number":"#66","maximum_speed":44,"hitting_power":50,"rating":"75%","ranking":22},
    {"team":"Seahawks","position":"RT","name":"Ron Mattes","number":"#70","maximum_speed":25,"hitting_power":56,"rating":"60%","ranking":94},
    {"team":"Seahawks","position":"RE","name":"Tony Woods","number":"#57","running_speed":25,"rushing_power":38,"maximum_speed":44,"hitting_power":50,"pass_interceptions":19,"rating":"60%","ranking":32},
    {"team":"Seahawks","position":"NT","name":"Joe Nash","number":"#72","running_speed":25,"rushing_power":31,"maximum_speed":38,"hitting_power":44,"pass_interceptions":19,"rating":"53%","ranking":77},
    {"team":"Seahawks","position":"LE","name":"Jacob Green","number":"#79","running_speed":38,"rushing_power":50,"maximum_speed":63,"hitting_power":56,"pass_interceptions":19,"rating":"75%","ranking":10},
    {"team":"Seahawks","position":"ROLB","name":"Rufus Porter","number":"#97","running_speed":25,"rushing_power":38,"maximum_speed":44,"hitting_power":44,"pass_interceptions":19,"rating":"58%","ranking":49},
    {"team":"Seahawks","position":"RILB","name":"Cortez Kennedy","number":"#96","running_speed":25,"rushing_power":31,"maximum_speed":38,"hitting_power":56,"pass_interceptions":19,"rating":"57%","ranking":53},
    {"team":"Seahawks","position":"LILB","name":"David Wyman","number":"#92","running_speed":25,"rushing_power":31,"maximum_speed":38,"hitting_power":38,"pass_interceptions":19,"rating":"50%","ranking":96},
    {"team":"Seahawks","position":"LOLB","name":"Terry Wooden","number":"#51","running_speed":25,"rushing_power":31,"maximum_speed":38,"hitting_power":38,"pass_interceptions":19,"rating":"50%","ranking":95},
    {"team":"Seahawks","position":"RCB","name":"Patrick Hunter","number":"#27","running_speed":25,"rushing_power":31,"maximum_speed":38,"hitting_power":38,"pass_interceptions":38,"rating":"49%","ranking":101},
    {"team":"Seahawks","position":"LCB","name":"Dwayne Harper","number":"#29","running_speed":31,"rushing_power":38,"maximum_speed":50,"hitting_power":31,"pass_interceptions":50,"rating":"62%","ranking":52},
    {"team":"Seahawks","position":"FS","name":"Eugene Robinson","number":"#41","running_speed":25,"rushing_power":31,"maximum_speed":38,"hitting_power":38,"pass_interceptions":50,"rating":"55%","ranking":77},
    {"team":"Seahawks","position":"SS","name":"Nesby Glasgow","number":"#22","running_speed":31,"rushing_power":38,"maximum_speed":50,"hitting_power":56,"pass_interceptions":25,"rating":"51%","ranking":95},
    {"team":"Seahawks","position":"K","name":"Norm Johnson","number":"#9","kicking_ability":44,"avoid_kick_block":38,"rating":"52%","ranking":20},
    {"team":"Seahawks","position":"P","name":"Rick Donnelly","number":"#3","kicking_ability":44,"avoid_kick_block":63,"rating":"61%","ranking":14}
  ]
}

