{
  "full_name": "Pittsburgh Steelers",
  "short_name": "steelers",
  "players": [
    {"team":"Steelers","position":"QB2","name":"Rick Strom","number":"#11","maximum_speed":13,"passing_speed":44,"pass_control":38,"avoid_pass_block":38,"rating":"42%","ranking":43},
    {"team":"Steelers","position":"QB1","name":"Bubby Brister","number":"#6","maximum_speed":13,"passing_speed":75,"pass_control":25,"avoid_pass_block":38,"rating":"42%","ranking":44},
    {"team":"Steelers","position":"RB1","name":"Merril Hoge","number":"#33","running_speed":38,"maximum_speed":38,"kick_return_maximum_speed":44,"punt_return_maximum_speed":56,"hitting_power":38,"ball_control":81,"receptions":44,"rushing_rating":"49%","rushing_ranking":79,"receiving_rating":"53%","receiving_ranking":81,"kick_return_rating":"82%","kick_return_ranking":2,"punt_return_rating":"69%","punt_return_ranking":44},
    {"team":"Steelers","position":"RB2","name":"Warren Williams","number":"#42","running_speed":38,"maximum_speed":38,"kick_return_maximum_speed":44,"punt_return_maximum_speed":56,"hitting_power":31,"ball_control":81,"receptions":44,"rushing_rating":"49%","rushing_ranking":80,"receiving_rating":"53%","receiving_ranking":82,"kick_return_rating":"82%","kick_return_ranking":3,"punt_return_rating":"69%","punt_return_ranking":45},
    {"team":"Steelers","position":"RB3","name":"Tim Worley","number":"#38","running_speed":38,"maximum_speed":38,"kick_return_maximum_speed":44,"punt_return_maximum_speed":56,"hitting_power":31,"ball_control":81,"receptions":25,"rushing_rating":"48%","rushing_ranking":88,"receiving_rating":"42%","receiving_ranking":203,"kick_return_rating":"82%","kick_return_ranking":4,"punt_return_rating":"69%","punt_return_ranking":46},
    {"team":"Steelers","position":"RB4","name":"Richard Bell","number":"#21","running_speed":38,"maximum_speed":31,"kick_return_maximum_speed":44,"punt_return_maximum_speed":56,"hitting_power":19,"ball_control":81,"receptions":25,"rushing_rating":"42%","rushing_ranking":140,"receiving_rating":"39%","receiving_ranking":226,"kick_return_rating":"82%","kick_return_ranking":5,"punt_return_rating":"69%","punt_return_ranking":47},
    {"team":"Steelers","position":"WR1","name":"Louis Lipps","number":"#83","running_speed":31,"maximum_speed":31,"kick_return_maximum_speed":44,"punt_return_maximum_speed":56,"hitting_power":13,"ball_control":81,"receptions":56,"rushing_rating":"42%","rushing_ranking":138,"receiving_rating":"57%","receiving_ranking":67,"kick_return_rating":"80%","kick_return_ranking":6,"punt_return_rating":"67%","punt_return_ranking":64},
    {"team":"Steelers","position":"WR2","name":"Derek Hill","number":"#82","running_speed":25,"maximum_speed":25,"kick_return_maximum_speed":44,"punt_return_maximum_speed":56,"hitting_power":13,"ball_control":81,"receptions":44,"rushing_rating":"35%","rushing_ranking":195,"receiving_rating":"46%","receiving_ranking":149,"kick_return_rating":"78%","kick_return_ranking":13,"punt_return_rating":"65%","punt_return_ranking":72},
    {"team":"Steelers","position":"WR3","name":"Chris Calloway","number":"#88","running_speed":25,"maximum_speed":19,"kick_return_maximum_speed":44,"punt_return_maximum_speed":56,"hitting_power":13,"ball_control":81,"receptions":44,"rushing_rating":"29%","rushing_ranking":242,"receiving_rating":"44%","receiving_ranking":178,"kick_return_rating":"78%","kick_return_ranking":14,"punt_return_rating":"65%","punt_return_ranking":73},
    {"team":"Steelers","position":"WR4","name":"Dwight Stone","number":"#20","running_speed":31,"maximum_speed":31,"kick_return_maximum_speed":44,"punt_return_maximum_speed":56,"hitting_power":13,"ball_control":81,"receptions":44,"rushing_rating":"42%","rushing_ranking":139,"receiving_rating":"49%","receiving_ranking":113,"kick_return_rating":"80%","kick_return_ranking":7,"punt_return_rating":"67%","punt_return_ranking":65},
    {"team":"Steelers","position":"TE1","name":"Eric Green","number":"#86","running_speed":25,"maximum_speed":31,"kick_return_maximum_speed":44,"punt_return_maximum_speed":56,"hitting_power":63,"ball_control":81,"receptions":44,"rushing_rating":"41%","rushing_ranking":147,"receiving_rating":"49%","receiving_ranking":116,"kick_return_rating":"78%","kick_return_ranking":11,"punt_return_rating":"65%","punt_return_ranking":70},
    {"team":"Steelers","position":"TE2","name":"Mike Mularkey","number":"#84","running_speed":25,"maximum_speed":25,"kick_return_maximum_speed":44,"punt_return_maximum_speed":56,"hitting_power":44,"ball_control":81,"receptions":44,"rushing_rating":"35%","rushing_ranking":194,"receiving_rating":"46%","receiving_ranking":148,"kick_return_rating":"78%","kick_return_ranking":12,"punt_return_rating":"65%","punt_return_ranking":71},
    {"team":"Steelers","position":"C","name":"Dermontti Dawson","number":"#63","maximum_speed":38,"hitting_power":56,"rating":"73%","ranking":32},
    {"team":"Steelers","position":"LG","name":"B. Blankenship","number":"#60","maximum_speed":38,"hitting_power":44,"rating":"65%","ranking":60},
    {"team":"Steelers","position":"RG","name":"Terry Long","number":"#74","maximum_speed":38,"hitting_power":44,"rating":"65%","ranking":61},
    {"team":"Steelers","position":"LT","name":"John Jackson","number":"#65","maximum_speed":25,"hitting_power":50,"rating":"56%","ranking":121},
    {"team":"Steelers","position":"RT","name":"Tunch Ilkin","number":"#62","maximum_speed":44,"hitting_power":69,"rating":"87%","ranking":8},
    {"team":"Steelers","position":"RE","name":"Donald Evans","number":"#66","running_speed":25,"rushing_power":38,"maximum_speed":44,"hitting_power":50,"pass_interceptions":19,"rating":"60%","ranking":33},
    {"team":"Steelers","position":"NT","name":"Gerald Williams","number":"#98","running_speed":38,"rushing_power":44,"maximum_speed":50,"hitting_power":56,"pass_interceptions":19,"rating":"70%","ranking":17},
    {"team":"Steelers","position":"LE","name":"Keith Willis","number":"#93","running_speed":25,"rushing_power":38,"maximum_speed":44,"hitting_power":44,"pass_interceptions":19,"rating":"57%","ranking":47},
    {"team":"Steelers","position":"ROLB","name":"Greg Lloyd","number":"#95","running_speed":38,"rushing_power":50,"maximum_speed":56,"hitting_power":63,"pass_interceptions":31,"rating":"81%","ranking":5},
    {"team":"Steelers","position":"RILB","name":"David Little","number":"#50","running_speed":38,"rushing_power":44,"maximum_speed":56,"hitting_power":50,"pass_interceptions":31,"rating":"72%","ranking":25},
    {"team":"Steelers","position":"LILB","name":"Hardy Nickerson","number":"#54","running_speed":25,"rushing_power":38,"maximum_speed":44,"hitting_power":44,"pass_interceptions":19,"rating":"58%","ranking":51},
    {"team":"Steelers","position":"LOLB","name":"Bryan Hinkle","number":"#53","running_speed":25,"rushing_power":38,"maximum_speed":44,"hitting_power":44,"pass_interceptions":19,"rating":"58%","ranking":50},
    {"team":"Steelers","position":"RCB","name":"Rod Woodson","number":"#26","running_speed":44,"rushing_power":56,"maximum_speed":75,"hitting_power":69,"pass_interceptions":63,"rating":"87%","ranking":3},
    {"team":"Steelers","position":"LCB","name":"Dwayne Woodruff","number":"#49","running_speed":38,"rushing_power":44,"maximum_speed":56,"hitting_power":56,"pass_interceptions":56,"rating":"72%","ranking":23},
    {"team":"Steelers","position":"FS","name":"Thomas Everett","number":"#27","running_speed":31,"rushing_power":38,"maximum_speed":50,"hitting_power":38,"pass_interceptions":56,"rating":"65%","ranking":39},
    {"team":"Steelers","position":"SS","name":"Carnell Lake","number":"#37","running_speed":38,"rushing_power":44,"maximum_speed":56,"hitting_power":50,"pass_interceptions":50,"rating":"68%","ranking":29},
    {"team":"Steelers","position":"K","name":"Gary Anderson","number":"#1","kicking_ability":63,"avoid_kick_block":50,"rating":"73%","ranking":8},
    {"team":"Steelers","position":"P","name":"Dan Stryzinski","number":"#4","kicking_ability":38,"avoid_kick_block":50,"rating":"51%","ranking":17}
  ]
}

