{
  "full_name": "Minnesota Vikings",
  "short_name": "vikings",
  "players": [
    {"team":"Vikings","position":"QB1","name":"Wade Wilson","number":"#11","maximum_speed":13,"passing_speed":44,"pass_control":44,"avoid_pass_block":38,"rating":"46%","ranking":24},
    {"team":"Vikings","position":"QB2","name":"Rich Gannon","number":"#16","maximum_speed":13,"passing_speed":25,"pass_control":38,"avoid_pass_block":31,"rating":"37%","ranking":53},
    {"team":"Vikings","position":"RB1","name":"Herschel Walker","number":"#34","running_speed":38,"maximum_speed":44,"kick_return_maximum_speed":25,"punt_return_maximum_speed":63,"hitting_power":63,"ball_control":50,"receptions":44,"rushing_rating":"53%","rushing_ranking":60,"receiving_rating":"54%","receiving_ranking":77,"kick_return_rating":"52%","kick_return_ranking":130,"punt_return_rating":"76%","punt_return_ranking":21},
    {"team":"Vikings","position":"RB2","name":"Rick Fenney","number":"#31","running_speed":38,"maximum_speed":38,"kick_return_maximum_speed":25,"punt_return_maximum_speed":63,"hitting_power":38,"ball_control":50,"receptions":25,"rushing_rating":"46%","rushing_ranking":124,"receiving_rating":"40%","receiving_ranking":220,"kick_return_rating":"52%","kick_return_ranking":153,"punt_return_rating":"76%","punt_return_ranking":22},
    {"team":"Vikings","position":"RB3","name":"Jessie Clark","number":"#33","running_speed":38,"maximum_speed":31,"kick_return_maximum_speed":25,"punt_return_maximum_speed":63,"hitting_power":31,"ball_control":50,"receptions":25,"rushing_rating":"40%","rushing_ranking":182,"receiving_rating":"37%","receiving_ranking":245,"kick_return_rating":"52%","kick_return_ranking":157,"punt_return_rating":"76%","punt_return_ranking":23},
    {"team":"Vikings","position":"RB4","name":"Alfred Anderson","number":"#46","running_speed":38,"maximum_speed":31,"kick_return_maximum_speed":25,"punt_return_maximum_speed":63,"hitting_power":31,"ball_control":50,"receptions":25,"rushing_rating":"40%","rushing_ranking":183,"receiving_rating":"37%","receiving_ranking":246,"kick_return_rating":"52%","kick_return_ranking":158,"punt_return_rating":"76%","punt_return_ranking":24},
    {"team":"Vikings","position":"WR1","name":"Hassan Jones","number":"#84","running_speed":31,"maximum_speed":31,"kick_return_maximum_speed":25,"punt_return_maximum_speed":63,"hitting_power":13,"ball_control":50,"receptions":63,"rushing_rating":"41%","rushing_ranking":146,"receiving_rating":"59%","receiving_ranking":53,"kick_return_rating":"50%","kick_return_ranking":168,"punt_return_rating":"74%","punt_return_ranking":28},
    {"team":"Vikings","position":"WR2","name":"Anthony Carter","number":"#81","running_speed":44,"maximum_speed":56,"kick_return_maximum_speed":25,"punt_return_maximum_speed":63,"hitting_power":13,"ball_control":50,"receptions":75,"rushing_rating":"67%","rushing_ranking":18,"receiving_rating":"79%","receiving_ranking":7,"kick_return_rating":"54%","kick_return_ranking":94,"punt_return_rating":"78%","punt_return_ranking":14},
    {"team":"Vikings","position":"WR3","name":"Leo Lewis","number":"#87","running_speed":25,"maximum_speed":19,"kick_return_maximum_speed":25,"punt_return_maximum_speed":63,"hitting_power":13,"ball_control":50,"receptions":44,"rushing_rating":"28%","rushing_ranking":259,"receiving_rating":"42%","receiving_ranking":198,"kick_return_rating":"48%","kick_return_ranking":226,"punt_return_rating":"72%","punt_return_ranking":36},
    {"team":"Vikings","position":"WR4","name":"Cris Carter","number":"#80","running_speed":31,"maximum_speed":31,"kick_return_maximum_speed":25,"punt_return_maximum_speed":63,"hitting_power":13,"ball_control":50,"receptions":50,"rushing_rating":"40%","rushing_ranking":161,"receiving_rating":"51%","receiving_ranking":105,"kick_return_rating":"50%","kick_return_ranking":178,"punt_return_rating":"74%","punt_return_ranking":29},
    {"team":"Vikings","position":"TE1","name":"Steve Jordan","number":"#83","running_speed":25,"maximum_speed":44,"kick_return_maximum_speed":25,"punt_return_maximum_speed":63,"hitting_power":63,"ball_control":50,"receptions":56,"rushing_rating":"52%","rushing_ranking":72,"receiving_rating":"59%","receiving_ranking":54,"kick_return_rating":"48%","kick_return_ranking":194,"punt_return_rating":"72%","punt_return_ranking":35},
    {"team":"Vikings","position":"TE2","name":"Mike Jones","number":"#82","running_speed":25,"maximum_speed":19,"kick_return_maximum_speed":25,"punt_return_maximum_speed":63,"hitting_power":50,"ball_control":50,"receptions":25,"rushing_rating":"26%","rushing_ranking":280,"receiving_rating":"30%","receiving_ranking":280,"kick_return_rating":"48%","kick_return_ranking":242,"punt_return_rating":"72%","punt_return_ranking":37},
    {"team":"Vikings","position":"C","name":"Kirk Lowdermilk","number":"#63","maximum_speed":38,"hitting_power":63,"rating":"77%","ranking":19},
    {"team":"Vikings","position":"LG","name":"Randall Mcdaniel","number":"#64","maximum_speed":50,"hitting_power":69,"rating":"93%","ranking":1},
    {"team":"Vikings","position":"RG","name":"Todd Kalis","number":"#69","maximum_speed":25,"hitting_power":50,"rating":"56%","ranking":122},
    {"team":"Vikings","position":"LT","name":"Gary Zimmerman","number":"#65","maximum_speed":31,"hitting_power":69,"rating":"74%","ranking":27},
    {"team":"Vikings","position":"RT","name":"Tim Irwin","number":"#76","maximum_speed":25,"hitting_power":50,"rating":"56%","ranking":123},
    {"team":"Vikings","position":"RE","name":"Chris Doleman","number":"#56","running_speed":31,"rushing_power":44,"maximum_speed":50,"hitting_power":69,"pass_interceptions":31,"rating":"77%","ranking":6},
    {"team":"Vikings","position":"NT","name":"Henry Thomas","number":"#97","running_speed":25,"rushing_power":38,"maximum_speed":44,"hitting_power":50,"pass_interceptions":19,"rating":"60%","ranking":34},
    {"team":"Vikings","position":"LE","name":"Al Noga","number":"#99","running_speed":25,"rushing_power":31,"maximum_speed":38,"hitting_power":50,"pass_interceptions":31,"rating":"57%","ranking":44},
    {"team":"Vikings","position":"ROLB","name":"M. Merriweather","number":"#57","running_speed":31,"rushing_power":44,"maximum_speed":50,"hitting_power":56,"pass_interceptions":44,"rating":"75%","ranking":16},
    {"team":"Vikings","position":"RILB","name":"Keith Millard","number":"#75","running_speed":38,"rushing_power":50,"maximum_speed":56,"hitting_power":69,"pass_interceptions":19,"rating":"80%","ranking":8},
    {"team":"Vikings","position":"LILB","name":"Scott Studwell","number":"#55","running_speed":25,"rushing_power":31,"maximum_speed":31,"hitting_power":31,"pass_interceptions":19,"rating":"46%","ranking":111},
    {"team":"Vikings","position":"LOLB","name":"Ray Berry","number":"#50","running_speed":25,"rushing_power":31,"maximum_speed":31,"hitting_power":31,"pass_interceptions":19,"rating":"46%","ranking":110},
    {"team":"Vikings","position":"RCB","name":"Reggie Rutland","number":"#48","running_speed":31,"rushing_power":38,"maximum_speed":50,"hitting_power":38,"pass_interceptions":44,"rating":"59%","ranking":62},
    {"team":"Vikings","position":"LCB","name":"Carl Lee","number":"#39","running_speed":38,"rushing_power":50,"maximum_speed":63,"hitting_power":56,"pass_interceptions":50,"rating":"74%","ranking":18},
    {"team":"Vikings","position":"FS","name":"D. Fullington","number":"#29","running_speed":31,"rushing_power":38,"maximum_speed":50,"hitting_power":44,"pass_interceptions":38,"rating":"57%","ranking":66},
    {"team":"Vikings","position":"SS","name":"Joey Browner","number":"#47","running_speed":38,"rushing_power":50,"maximum_speed":63,"hitting_power":56,"pass_interceptions":69,"rating":"83%","ranking":6},
    {"team":"Vikings","position":"K","name":"Fuad Reveiz","number":"#7","kicking_ability":44,"avoid_kick_block":63,"rating":"61%","ranking":16},
    {"team":"Vikings","position":"P","name":"Harry Newsome","number":"#18","kicking_ability":25,"avoid_kick_block":44,"rating":"38%","ranking":24}
  ]
}

